fish_id,group,clutch,timepoint_h,amplitude_fit,decay_constant_fit,offset_fit,tau_se,r2,rmse,n_points,converged,tau_at_bound,tau_loglin,n_dropped,frac_dropped,baseline_locomotion,mean_distance_obs,resp_prob_block1_obs,resp_prob_block6_obs,amplitude_supplied,decay_constant_supplied,offset_supplied,tau_diff
fish_001,sham,clutch_A,-1.0,8.716141373193821,6.748189446116377,1.8682818688434208,1.4583511582245297,0.8330000684409452,1.0525163314956483,30,True,False,10.160699000108476,4,0.13333333333333333,106.98,3.9530000000000007,0.6,0.2,8.716,6.748,1.868,0.00018944611637650155
fish_001,sham,clutch_A,0.5,9.915235240341215,5.362209141813088,1.9658489032063615,0.7712532632514241,0.9047911464187196,0.8446745361033284,30,True,False,9.521954480748843,10,0.3333333333333333,98.24,3.901266666666667,1.0,0.6,9.915,5.362,1.966,0.00020914181308828717
fish_001,sham,clutch_A,1.0,10.63452343738087,5.112385945743331,1.9473669389162398,0.8254021350211287,0.880095764830316,1.0232319373673398,30,True,False,7.00970564256404,7,0.23333333333333334,83.7,3.9370000000000003,1.0,0.2,10.635,5.112,1.947,0.00038594574333128406
fish_001,sham,clutch_A,5.0,10.69449440815364,4.774100443640988,2.0813742054703863,0.7992294119005149,0.8683457142512264,1.0730339305726586,30,True,False,8.959032606792737,6,0.2,94.12,3.9642,1.0,0.4,10.694,4.774,2.081,0.00010044364098771297
fish_001,sham,clutch_A,24.0,9.532944115027298,5.760083117813905,1.888479626669942,0.9631367212913127,0.8804036638372746,0.931984584355255,30,True,False,8.878073382935357,11,0.36666666666666664,97.88,3.8714000000000004,0.8,0.2,9.533,5.76,1.888,8.311781390535344e-05
fish_002,sham,clutch_A,-1.0,10.79506809225756,6.888999612215718,1.96699987582503,1.1123881956196626,0.9010026894129436,0.9665190148857483,30,True,False,8.324133954869305,7,0.23333333333333334,96.59,4.5959666666666665,1.0,0.6,10.795,6.889,1.967,-3.8778428201879933e-07
fish_002,sham,clutch_A,0.5,11.15000183657902,6.961045082604681,1.8842525142569506,1.1607120817175118,0.8960126570052384,1.026727171681179,30,True,False,9.818368913374748,7,0.23333333333333334,96.68,4.6244,1.0,0.2,11.15,6.961,1.884,4.508260468050196e-05
fish_002,sham,clutch_A,1.0,10.31832932897519,6.517801514251168,2.2748438292414965,1.027515592667636,0.9009674797529243,0.9199009401548014,30,True,False,7.671597136479776,6,0.2,97.05,4.668733333333333,1.0,1.0,10.318,6.518,2.275,-0.0001984857488315228
fish_002,sham,clutch_A,5.0,10.414863959023494,9.121794116510939,1.4010440936235233,1.94997492296526,0.8754552102090835,1.0653694776023475,30,True,False,7.840710194347343,6,0.2,90.36,4.619833333333332,0.6,0.4,10.415,9.122,1.401,-0.00020588348906080967
fish_002,sham,clutch_A,24.0,10.414016080387947,9.186453942335913,1.0532589331724704,1.8088073223503547,0.8931473767902236,0.9765723420702341,30,True,False,10.149433200720237,4,0.13333333333333333,92.45,4.2904333333333335,1.0,0.2,10.414,9.186,1.053,0.0004539423359126715
fish_003,sham,clutch_A,-1.0,10.958546827207519,7.430865426692375,1.3707741903485366,1.0574182442444058,0.9264579703901606,0.8375272387356053,30,True,False,9.48484844176915,11,0.36666666666666664,97.16,4.220699999999999,1.0,0.4,10.959,7.431,1.371,-0.00013457330762545183
fish_003,sham,clutch_A,0.5,9.258460910923713,4.648681219690234,2.900421288356623,0.8452488593527181,0.8467310316194004,1.0101960474385203,30,True,False,11.34633825808254,10,0.3333333333333333,87.48,4.4924,1.0,0.8,9.258,4.649,2.9,-0.00031878030976617566
fish_003,sham,clutch_A,1.0,10.609395946849368,5.263518520909466,2.29376398128404,0.8398141828698535,0.8842449126503275,1.005246350569133,30,True,False,10.765785359998361,6,0.2,93.42,4.330766666666666,1.0,0.2,10.609,5.264,2.294,-0.0004814790905340871
fish_003,sham,clutch_A,5.0,9.990883058730898,5.780312028698714,2.2454194749477803,0.6909489455105916,0.935229006503107,0.6977429422073168,30,True,False,8.61596314982139,1,0.03333333333333333,92.36,4.330066666666667,1.0,0.6,9.991,5.78,2.245,0.00031202869871371774
fish_003,sham,clutch_A,24.0,10.437608862596985,6.962529475544145,1.690182115885631,1.1506527368754076,0.8976807538158993,0.9525150779608244,30,True,False,8.101966505365235,5,0.16666666666666666,88.58,4.255733333333334,0.8,0.4,10.438,6.962,1.69,0.0005294755441456189
fish_004,sham,clutch_A,-1.0,9.83280022954629,5.149654774663868,2.035181836369932,0.8184654987956796,0.8837784832963804,0.9305894323211851,30,True,False,8.932044945406275,7,0.23333333333333334,106.03,3.886733333333334,1.0,0.4,9.833,5.15,2.035,-0.0003452253361322377
fish_004,sham,clutch_A,0.5,10.380919051383968,5.644730659272962,1.9022796057114657,0.974598614312175,0.8719773483574325,1.0522663234571334,30,True,False,7.6865251773098215,11,0.36666666666666664,91.41,4.023166666666667,1.0,0.6,10.381,5.645,1.902,-0.00026934072703799217
fish_004,sham,clutch_A,1.0,10.029011872853335,4.87972742801868,2.3005072557914046,0.9347775675198161,0.835799882423506,1.1498193134279648,30,True,False,13.252148039342378,10,0.3333333333333333,85.54,4.1008,1.0,0.8,10.029,4.88,2.301,-0.00027257198131991345
fish_004,sham,clutch_A,5.0,9.660896473212649,5.841615633785219,2.3287279627609982,0.7029062243668086,0.9348714416043432,0.6775942520303625,30,True,False,8.088777485054125,12,0.4,95.14,4.363466666666667,1.0,0.6,9.661,5.842,2.329,-0.0003843662147806626
fish_004,sham,clutch_A,24.0,8.614383643172669,7.272698891787544,2.019671693276146,1.3010903537723952,0.8863981845862887,0.8357252171744015,30,True,False,7.604654396409862,5,0.16666666666666666,96.41,4.218733333333333,1.0,0.4,8.614,7.273,2.02,-0.0003011082124553255
fish_005,sham,clutch_A,-1.0,9.890828630741288,5.906868371294998,2.226625678674536,0.9356785853947754,0.8930260195792237,0.9109189125735048,30,True,False,9.36492340072177,10,0.3333333333333333,101.47,4.3304,1.0,0.8,9.891,5.907,2.227,-0.00013162870500238455
fish_005,sham,clutch_A,0.5,10.478600600881933,5.663397064663507,2.2581392495181363,0.9675433747715707,0.8745577146314482,1.0503247827051614,30,True,False,8.247042580052659,8,0.26666666666666666,87.82,4.405266666666666,1.0,0.4,10.479,5.663,2.258,0.0003970646635069741
fish_005,sham,clutch_A,1.0,8.701725893039852,10.768714920366909,1.4263804173969556,2.1504040334244485,0.9094358312706375,0.7343457763308785,30,True,False,8.4024401359996,3,0.1,87.9,4.495466666666667,0.6,0.6,8.702,10.769,1.426,-0.00028507963309110096
fish_005,sham,clutch_A,5.0,8.453867755966577,11.118587093768475,1.5204656144560706,2.802615325304293,0.8683511820176155,0.8765744280720084,30,True,False,8.436984278021912,2,0.06666666666666667,91.74,4.576066666666667,1.0,0.4,8.454,11.119,1.52,-0.0004129062315243459
fish_005,sham,clutch_A,24.0,9.643812552755284,10.372452479331836,1.4908651752084805,1.885353133137905,0.92002408641665,0.76366864794573,30,True,False,9.36869090888273,4,0.13333333333333333,91.15,4.794566666666666,0.8,0.4,9.644,10.372,1.491,0.0004524793318356757
fish_006,sham,clutch_A,-1.0,9.861189631188466,5.244732424399266,1.8739606415840828,0.6428608921117122,0.9281465333431331,0.7181300431913079,30,True,False,6.737326083573559,11,0.36666666666666664,93.49,3.7613000000000003,0.8,0.2,9.861,5.245,1.874,-0.0002675756007342045
fish_006,sham,clutch_A,0.5,9.396698999253685,3.172618826178896,2.048893845037109,0.4810229639376251,0.8777644769411632,0.8304331510825242,30,True,False,7.9196993610972415,17,0.5666666666666667,95.13,3.2073666666666667,0.6,0.8,9.397,3.173,2.049,-0.00038117382110414155
fish_006,sham,clutch_A,1.0,9.042687927791917,3.116318207871732,1.9514179698132679,0.5577832929263806,0.8371864848865385,0.9405736694209472,30,True,False,12.972719505660244,12,0.4,104.81,3.049433333333333,1.0,0.4,9.043,3.116,1.951,0.00031820787173186815
fish_006,sham,clutch_A,5.0,9.81428375974097,3.3502822850936593,1.9188465014887506,0.5171482179314724,0.8746922240102172,0.8905324905166866,30,True,False,11.448203116199132,12,0.4,97.15,3.1864,1.0,0.8,9.814,3.35,1.919,0.00028228509365924026
fish_006,sham,clutch_A,24.0,10.63700785050949,2.6608190590396688,1.8615139424071119,0.4679927464600763,0.840512771913847,1.0541726666100353,30,True,False,11.7029802110468,5,0.16666666666666666,90.83,2.9933,1.0,0.2,10.637,2.661,1.862,-0.00018094096033127727
fish_007,sham,clutch_A,-1.0,10.204719807576442,7.873954199668389,1.751371802156391,1.1343529113512216,0.9288372064345338,0.7675508755698582,30,True,False,7.396761080330885,8,0.26666666666666666,99.13,4.540266666666667,1.0,0.4,10.205,7.874,1.751,-4.580033161083463e-05
fish_007,sham,clutch_A,0.5,10.074733299048825,6.728797447598055,2.358362861234194,0.9161615375482954,0.9261151292032457,0.7672722064845179,30,True,False,7.963522999742898,5,0.16666666666666666,98.41,4.761966666666666,1.0,0.4,10.075,6.729,2.358,-0.00020255240194533286
fish_007,sham,clutch_A,1.0,11.01212631179609,7.989861010498538,1.8503569992883162,1.3318540655142597,0.9082931149439716,0.9510546839120534,30,True,False,7.178122621617718,9,0.3,82.24,4.897533333333333,1.0,0.8,11.012,7.99,1.85,-0.0001389895014618503
fish_007,sham,clutch_A,5.0,10.384839886724487,8.079028609523217,1.662606961866328,1.357522765700856,0.907975037770163,0.8986895185664824,30,True,False,9.305499243951827,9,0.3,91.91,4.563366666666667,1.0,0.8,10.385,8.079,1.663,2.8609523216260868e-05
fish_007,sham,clutch_A,24.0,10.545919381944524,8.404439759191632,1.708469991375599,1.759732085475355,0.8691669837119329,1.1121678755411935,30,True,False,10.487043951513616,6,0.2,94.47,4.753866666666667,1.0,0.6,10.546,8.404,1.708,0.00043975919163230515
fish_008,sham,clutch_A,-1.0,8.556765023800786,5.541430560791252,2.232338522705693,1.0583369348181333,0.8461598318415681,0.9627427389336521,30,True,False,12.757111558581025,6,0.2,95.18,3.9520999999999997,1.0,0.6,8.557,5.541,2.232,0.0004305607912513665
fish_008,sham,clutch_A,0.5,8.468812957347051,7.108194602581211,1.796548082134216,1.3738607781684058,0.867366787419417,0.896325546733044,30,True,False,8.265348692613909,6,0.2,98.11,3.916000000000001,1.0,0.0,8.469,7.108,1.797,0.00019460258121117846
fish_008,sham,clutch_A,1.0,9.27062296999311,9.135336346740889,0.5866319517744136,2.175682108073641,0.850157568717248,1.0554743109525926,30,True,False,8.66314592735624,5,0.16666666666666666,93.72,3.4552666666666667,1.0,0.0,9.271,9.135,0.587,0.0003363467408892262
fish_008,sham,clutch_A,5.0,9.192354915410037,5.98799412688969,2.1512294200943027,1.1868657368676325,0.8433779127286924,1.0558294247071913,30,True,False,10.918591375088688,6,0.2,86.12,4.130199999999999,0.8,0.8,9.192,5.988,2.151,-5.873110310083973e-06
fish_008,sham,clutch_A,24.0,7.3653012342322315,5.686184142345579,2.4935175227650594,1.5050753883939825,0.7443876686611217,1.142899359415391,30,True,False,10.335973701357466,4,0.13333333333333333,94.9,4.0081,1.0,0.2,7.365,5.686,2.494,0.00018414234557884157
fish_009,sham,clutch_A,-1.0,8.746765258565077,7.01758571671164,1.6182286282259613,1.0945420969263648,0.9084412249825619,0.7509749547295694,30,True,False,7.8292742930178605,6,0.2,97.89,3.782966666666667,1.0,0.4,8.747,7.018,1.618,-0.0004142832883600178
fish_009,sham,clutch_A,0.5,9.2951218126793,6.176989372866615,1.6956931604128949,1.1260032574079715,0.8669611628435809,0.9739201452882047,30,True,False,11.695949679731145,9,0.3,94.61,3.7525333333333335,0.8,0.6,9.295,6.177,1.696,-1.0627133384844e-05
fish_009,sham,clutch_A,5.0,8.38668680274358,8.890066502992495,1.0879160115601265,2.168252253236516,0.8395411219505367,0.9954046467328004,30,True,False,12.826799358433215,5,0.16666666666666666,90.46,3.6256333333333335,1.0,0.4,8.387,8.89,1.088,6.650299249422176e-05
fish_009,sham,clutch_A,24.0,9.465023619110791,6.272312826794001,1.7705955312475965,1.1375298635217739,0.8695016363186417,0.9823614565020352,30,True,False,9.853879521178829,7,0.23333333333333334,91.34,3.8935333333333326,1.0,0.2,9.465,6.272,1.771,0.00031282679400046476
fish_010,sham,clutch_A,-1.0,11.179492690112122,4.5419644500859935,2.2130004917817643,0.5461250135559925,0.9259745868871231,0.8071813464634787,30,True,False,10.021311242802286,4,0.13333333333333333,90.57,4.096166666666666,0.8,0.2,11.179,4.542,2.213,-3.554991400633867e-05
fish_010,sham,clutch_A,0.5,9.311568544431351,6.632557466454188,2.247498393445047,1.165676961461455,0.8813659715097747,0.9200440253504019,30,True,False,11.088358083221472,4,0.13333333333333333,99.89,4.441166666666667,0.8,0.6,9.312,6.633,2.247,-0.0004425335458115853
fish_010,sham,clutch_A,1.0,8.84254007944383,6.8485428071762,2.455816577292905,0.8926594217108326,0.9328571664344044,0.6405044690008341,30,True,False,7.237289097516706,6,0.2,92.7,4.598233333333334,1.0,1.0,8.843,6.849,2.456,-0.00045719282380041193
fish_010,sham,clutch_A,5.0,10.83591529487866,8.983653187931875,1.1535614121446804,1.8555179924611893,0.8808016723950027,1.0817914393921615,30,True,False,8.515493625397243,5,0.16666666666666666,85.83,4.460800000000001,1.0,0.0,10.836,8.984,1.154,-0.0003468120681251463
fish_010,sham,clutch_A,24.0,8.812725922461178,7.075237859791185,2.6169976936186474,1.7903135097720102,0.7916106272086046,1.223460408021412,30,True,False,9.91374916291773,3,0.1,94.04,4.813633333333332,1.0,0.6,8.813,7.075,2.617,0.00023785979118517986
fish_011,sham,clutch_A,-1.0,8.987639140302694,8.455440981572508,1.901210606494255,1.9107455116266736,0.8517035326202289,1.0193363273568197,30,True,False,10.863513075318178,2,0.06666666666666667,89.57,4.509799999999999,1.0,0.6,8.988,8.455,1.901,0.0004409815725079369
fish_011,sham,clutch_A,0.5,8.757028062966043,6.545561547161243,2.6650054780969286,1.393699131500746,0.833475084724667,1.052962208694944,30,True,False,9.602350654783422,5,0.16666666666666666,94.67,4.704266666666667,1.0,0.4,8.757,6.546,2.665,-0.0004384528387575415
fish_011,sham,clutch_A,1.0,8.230967102809217,8.586732104969476,2.2918881347213724,1.7268873587297189,0.8807069939847448,0.8231714170797516,30,True,False,9.948281479316863,9,0.3,98.68,4.711799999999999,0.8,0.6,8.231,8.587,2.292,-0.0002678950305234906
fish_011,sham,clutch_A,5.0,9.387356793355007,12.613792642208418,0.9462015425835565,3.554933366993439,0.8643105617847149,0.9694235717678662,30,True,False,11.914717247539999,5,0.16666666666666666,98.82,4.671133333333332,1.0,0.6,9.387,12.614,0.946,-0.00020735779158265188
fish_011,sham,clutch_A,24.0,11.039009157506863,15.600063266010409,0.11377772774677868,4.618253028071111,0.8905968069231203,0.9555179221714146,30,True,False,9.277937553398017,7,0.23333333333333334,78.71,5.173866666666668,1.0,0.4,11.039,15.6,0.114,6.326601040917978e-05
fish_012,sham,clutch_A,-1.0,8.02781883755228,4.923275387922066,2.268624324235029,0.817250778330323,0.871936364487181,0.7970080371858443,30,True,False,9.398768479299855,10,0.3333333333333333,95.62,3.7210999999999994,0.6,0.8,8.028,4.923,2.269,0.0002753879220662725
fish_012,sham,clutch_A,0.5,8.402728394774009,3.1573750672950487,2.2181659565324527,0.5441087785191769,0.8474517009026115,0.8433614026425164,30,True,False,13.026468395157758,15,0.5,84.7,3.249866666666667,1.0,0.4,8.403,3.157,2.218,0.0003750672950486589
fish_012,sham,clutch_A,1.0,8.773620719940286,2.931095272893886,1.6878334130251347,0.6362344256705961,0.7766158571778565,1.0944852458382364,30,True,False,9.587478730489686,15,0.5,95.68,2.699533333333333,1.0,0.6,8.774,2.931,1.688,9.527289388611138e-05
fish_012,sham,clutch_A,5.0,8.690305241886168,3.901017958386806,1.5217314765506338,0.7549794036688359,0.8209614947687099,1.0055408948394156,30,True,False,11.125898203896131,10,0.3333333333333333,95.85,2.8022,1.0,0.4,8.69,3.901,1.522,1.7958386806071758e-05
fish_012,sham,clutch_A,24.0,9.535255306592468,2.676908459209176,2.1938877856630237,0.5371709422312463,0.8019511941749036,1.0795545008187528,30,True,False,14.768073939333163,7,0.23333333333333334,95.34,3.2135000000000007,0.8,0.6,9.535,2.677,2.194,-9.154079082396294e-05
fish_013,sham,clutch_A,-1.0,8.627003975498544,5.484303998142704,2.181343375657082,1.0429208361623548,0.8464315531727303,0.9682067234856852,30,True,False,10.804608932626167,13,0.43333333333333335,93.81,3.8993333333333333,0.8,0.6,8.627,5.484,2.181,0.00030399814270420933
fish_013,sham,clutch_A,0.5,9.138835079916303,5.666126627411173,2.1753973760535628,0.9156671049926141,0.8862877578825423,0.8664186546227153,30,True,False,7.882489216139485,4,0.13333333333333333,98.58,4.048799999999999,1.0,0.6,9.139,5.666,2.175,0.00012662741117264176
fish_013,sham,clutch_A,1.0,9.66575502977106,7.4688329870480885,1.7852915609503583,1.1238309830934796,0.9188631982565608,0.7792926633913979,30,True,False,8.362474012441973,7,0.23333333333333334,103.98,4.310066666666668,1.0,0.4,9.666,7.469,1.785,-0.00016701295191179355
fish_013,sham,clutch_A,5.0,8.578591932901945,5.7767042848516565,2.5129585775720984,1.0637605728717678,0.8587875536623133,0.9230707881690268,30,True,False,9.014338255327898,6,0.2,94.63,4.301933333333333,1.0,0.4,8.579,5.777,2.513,-0.00029571514834358936
fish_014,sham,clutch_A,-1.0,10.612377621044898,3.97762481787157,2.3429322387457785,0.5417894371581217,0.902983126969024,0.8653766238733517,30,True,False,10.267137935683458,12,0.4,93.82,3.9334333333333333,1.0,0.4,10.612,3.978,2.343,-0.0003751821284301293
fish_014,sham,clutch_A,0.5,11.072942022040147,7.297304920620676,1.2685540449933317,0.951780978532261,0.9364202500195403,0.7820253234708783,30,True,False,7.666419795090526,9,0.3,93.9,4.1035,1.0,0.6,11.073,7.297,1.269,0.000304920620676441
fish_014,sham,clutch_A,5.0,11.279387996436665,6.115445933323519,1.8550288370251384,0.8140692344001819,0.9238216598529929,0.865383070279446,30,True,False,8.027897397238842,7,0.23333333333333334,89.97,4.328966666666667,1.0,0.4,11.279,6.115,1.855,0.0004459333235189433
fish_014,sham,clutch_A,24.0,9.861898378077417,5.628442711392875,2.312247900989123,0.9517325555117799,0.8763554367313972,0.979572236862809,30,True,False,7.8731230060336275,8,0.26666666666666666,89.85,4.321933333333333,1.0,0.4,9.862,5.628,2.312,0.0004427113928748838
fish_015,sham,clutch_A,-1.0,9.281178559475372,5.220371306098686,2.586705148730177,1.0007649582968847,0.8404283908782548,1.0577288341472213,30,True,False,8.442661343818605,10,0.3333333333333333,82.68,4.3557,1.0,0.8,9.281,5.22,2.587,0.00037130609868629705
fish_015,sham,clutch_A,0.5,8.261044308681296,6.787729730014117,2.8894426020204307,1.3416138161954485,0.8570209475502055,0.9104162520335131,30,True,False,10.779183143594349,10,0.3333333333333333,102.79,4.8754333333333335,1.0,0.6,8.261,6.788,2.889,-0.000270269985882976
fish_015,sham,clutch_A,1.0,10.227952618839819,8.71175275484367,1.9616020418028257,1.5232120570848817,0.9085569568873577,0.8814499331887303,30,True,False,7.604723960036266,4,0.13333333333333333,90.14,5.005,1.0,0.6,10.228,8.712,1.962,-0.0002472451563289013
fish_015,sham,clutch_A,5.0,8.910665606078393,10.764729918011076,1.9173179919246781,2.8131151490263258,0.854237468246604,0.9843889965160715,30,True,False,8.358792134962084,4,0.13333333333333333,93.44,5.0592,1.0,0.2,8.911,10.765,1.917,-0.00027008198892453095
fish_015,sham,clutch_A,24.0,9.13947186286172,12.235583431294744,1.278905691014032,2.707840527849158,0.9079131111796267,0.763122575493067,30,True,False,10.43182733718592,4,0.13333333333333333,94.5,4.826499999999999,1.0,0.2,9.139,12.236,1.279,-0.0004165687052566369
fish_016,low_impact,clutch_A,-1.0,8.805750411989768,5.685069197585734,2.270055550422589,0.7811107291710719,0.9153002515836869,0.709317117494996,30,True,False,9.407721425918592,5,0.16666666666666666,82.9,4.080533333333333,1.0,0.4,8.806,5.685,2.27,6.919758573431523e-05
fish_016,low_impact,clutch_A,0.5,10.464153972516309,10.066146910035007,1.6911445957324602,1.8567214045023908,0.9147122244229553,0.8607334952626496,30,True,False,9.422078824586924,5,0.16666666666666666,90.91,5.192266666666666,1.0,0.6,10.464,10.066,1.691,0.00014691003500644229
fish_016,low_impact,clutch_A,1.0,10.99352808038268,9.892188126117208,1.118103330792538,1.3000399278504668,0.9537905154914684,0.6528342521014958,30,True,False,9.364919232481926,4,0.13333333333333333,75.1,4.745766666666667,1.0,0.4,10.994,9.892,1.118,0.00018812611720875339
fish_016,low_impact,clutch_A,5.0,7.919025016208976,5.562742432140452,2.59737753378606,1.020284214068764,0.8567014187070856,0.8550733126399862,30,True,False,9.25473775469832,7,0.23333333333333334,77.89,4.1944,1.0,0.6,7.919,5.563,2.597,-0.0002575678595473363
fish_016,low_impact,clutch_A,24.0,9.786063864903852,7.087364050996794,1.6151540492389413,1.1999529492097858,0.8947227292116542,0.9083928922792608,30,True,False,11.692194976556728,8,0.26666666666666666,88.48,4.058033333333333,1.0,0.4,9.786,7.087,1.615,0.00036405099679459596
fish_017,low_impact,clutch_A,-1.0,8.640916673012438,6.722134989414447,1.7621926754176098,1.2681495558995062,0.8670815441980221,0.9121347241896128,30,True,False,8.787916204153866,8,0.26666666666666666,98.58,3.821933333333333,1.0,0.2,8.641,6.722,1.762,0.0001349894144464514
fish_017,low_impact,clutch_A,0.5,10.018851923657452,8.628194669716049,2.2082072919337645,1.93706856495203,0.8562805806306173,1.1152539441979166,30,True,False,8.872335721846449,5,0.16666666666666666,86.13,5.1655999999999995,1.0,0.4,10.019,8.628,2.208,0.00019466971604842342
fish_017,low_impact,clutch_A,1.0,9.84784353137601,7.87456237569977,1.5126604859679718,1.4337471607459806,0.8909753313533048,0.9360966620459662,30,True,False,10.743081750577245,8,0.26666666666666666,84.52,4.204199999999999,0.8,0.4,9.848,7.875,1.513,-0.00043762430022997734
fish_017,low_impact,clutch_A,5.0,8.441746705220462,7.115537346219176,1.7580936459326597,1.4847180531120778,0.8488638298180986,0.9641449903227682,30,True,False,11.5518065105285,7,0.23333333333333334,94.74,3.872666666666667,1.0,0.2,8.442,7.116,1.758,-0.0004626537808238851
fish_018,low_impact,clutch_A,-1.0,9.389992707748485,4.214543445196521,2.640666571565371,0.7390259952201887,0.8511599539526274,0.9883766061192362,30,True,False,11.835304017478482,6,0.2,91.43,4.121300000000001,1.0,0.6,9.39,4.215,2.641,-0.00045655480347850386
fish_018,low_impact,clutch_A,0.5,10.546604332613931,6.748796184100111,2.2878417615351743,1.1661012528062487,0.8864096310944757,1.0182119169086024,30,True,False,9.128669535052676,9,0.3,86.64,4.810566666666667,1.0,0.6,10.547,6.749,2.288,-0.00020381589988893722
fish_018,low_impact,clutch_A,1.0,9.673136152413209,6.707197074600119,1.8285286628534057,1.1055120334974335,0.8950598635555767,0.8928352945181482,30,True,False,7.802759657701433,7,0.23333333333333334,83.05,4.129833333333333,0.6,0.8,9.673,6.707,1.829,0.00019707460011897382
fish_018,low_impact,clutch_A,5.0,7.7903948846907465,4.660833785481968,2.485450305096353,0.9377104326413193,0.8187549357164209,0.9404457554583076,30,True,False,10.36739366105148,5,0.16666666666666666,79.16,3.828100000000001,1.0,0.4,7.79,4.661,2.485,-0.00016621451803189302
fish_018,low_impact,clutch_A,24.0,9.920135623179075,5.200865960386033,1.4649006367959547,0.7072259297550345,0.9126286421219735,0.8023139854617622,30,True,False,5.596818560884238,5,0.16666666666666666,98.55,3.3494,1.0,0.2,9.92,5.201,1.465,-0.00013403961396640796
fish_019,low_impact,clutch_A,-1.0,11.068992595338907,4.877829686059627,2.342141321868491,0.6141582392359034,0.9217559026013076,0.8341281725809798,30,True,False,8.785420747375316,5,0.16666666666666666,88.56,4.328433333333334,1.0,0.8,11.069,4.878,2.342,-0.0001703139403730347
fish_019,low_impact,clutch_A,0.5,10.951874274753138,7.525891918983105,3.015056172444712,0.9347669621155471,0.943658502064486,0.7262781053050925,30,True,False,7.616356113140544,4,0.13333333333333333,78.54,5.894566666666666,0.8,0.4,10.952,7.526,3.015,-0.00010808101689452343
fish_019,low_impact,clutch_A,1.0,10.10541011304621,8.047926135165806,2.394165065721713,1.3974543994923123,0.9019617894630801,0.9056023808872632,30,True,False,7.462731432275028,3,0.1,81.88,5.207666666666667,1.0,0.6,10.105,8.048,2.394,-7.386483419402623e-05
fish_019,low_impact,clutch_A,5.0,8.76686432464889,7.870278033293021,2.0593825815955493,1.3275492642298474,0.9049076411134833,0.7722548200541101,30,True,False,10.826528695207962,5,0.16666666666666666,92.29,4.454366666666667,1.0,0.0,8.767,7.87,2.059,0.0002780332930205631
fish_019,low_impact,clutch_A,24.0,9.396534379293044,6.96459337615859,2.2090805045356237,0.9177535040292727,0.9324466442051581,0.6836611339246271,30,True,False,6.179244319604177,4,0.13333333333333333,92.02,4.519333333333334,1.0,0.2,9.397,6.965,2.209,-0.000406623841409548
fish_020,low_impact,clutch_A,-1.0,9.890697026401053,4.245974518514472,2.2482106615069255,0.7080906239891707,0.8637342333822939,0.9903120944661876,30,True,False,9.933214225579317,10,0.3333333333333333,86.59,3.8180333333333336,1.0,0.4,9.891,4.246,2.248,-2.5481485528722203e-05
fish_020,low_impact,clutch_A,0.5,9.592018726834189,6.788516639610867,2.2724368793846557,1.0529924789359129,0.9068337334992251,0.829552582954299,30,True,False,10.410633850279192,7,0.23333333333333334,92.27,4.578633333333334,1.0,0.2,9.592,6.788,2.272,0.000516639610866676
fish_020,low_impact,clutch_A,1.0,9.475172378747224,4.649374005917124,2.692709585773691,0.9461682648952844,0.815171968839654,1.157099387242511,30,True,False,9.896411550259193,8,0.26666666666666666,89.45,4.322166666666666,1.0,0.0,9.475,4.649,2.693,0.00037400591712355435
fish_020,low_impact,clutch_A,5.0,8.182850507170668,5.307651600879607,2.2259899745364797,1.1665068801406346,0.8018069668858518,1.0667601317227926,30,True,False,13.666555039717796,5,0.16666666666666666,85.78,3.8088,1.0,0.2,8.183,5.308,2.226,-0.0003483991203925285
fish_020,low_impact,clutch_A,24.0,7.941127707106728,6.584460489403274,1.914993905002769,1.301689789877523,0.8537005638790849,0.8847886739289142,30,True,False,8.900236886977556,6,0.2,87.04,3.7739000000000003,0.8,0.0,7.941,6.584,1.915,0.0004604894032746998
fish_021,low_impact,clutch_A,-1.0,10.537194284127265,4.651644229565877,2.442388326105122,0.7157754694862577,0.8852659166402503,0.972964682796056,30,True,False,10.400495109894228,9,0.3,87.35,4.255266666666667,1.0,0.6,10.537,4.652,2.442,-0.0003557704341234924
fish_021,low_impact,clutch_A,0.5,11.748724036963013,9.57785398536511,1.8376031229497183,1.566111983156276,0.9274358476288433,0.8887942819092152,30,True,False,6.44020668752344,4,0.13333333333333333,80.82,5.615433333333332,1.0,0.8,11.749,9.578,1.838,-0.000146014634889724
fish_021,low_impact,clutch_A,1.0,10.907903603146574,7.419313877139019,2.14591226475784,0.9366800954326098,0.9411067711893453,0.7401455118113355,30,True,False,9.300086821283045,6,0.2,81.1,4.978866666666666,1.0,0.4,10.908,7.419,2.146,0.00031387713901942504
fish_021,low_impact,clutch_A,5.0,10.19536143002432,6.068231369354889,2.0717953893219545,1.0672687108411982,0.8735234372458964,1.035600650165702,30,True,False,12.805689576763319,7,0.23333333333333334,89.74,4.2927,1.0,0.2,10.195,6.068,2.072,0.0002313693548892104
fish_021,low_impact,clutch_A,24.0,10.832972921379357,6.950713207632294,1.5984398218769966,1.2296977739047732,0.8843085103915675,1.0590101692208789,30,True,False,9.322802435332745,4,0.13333333333333333,94.29,4.257233333333334,1.0,0.4,10.833,6.951,1.598,-0.0002867923677056794
fish_022,low_impact,clutch_A,-1.0,8.681359714323479,5.904015939369671,1.9468357734147452,1.143776381627414,0.8480105048227323,0.9779311851059534,30,True,False,11.209734145383322,7,0.23333333333333334,102.87,3.7925666666666666,1.0,0.6,8.681,5.904,1.947,1.593936967125842e-05
fish_022,low_impact,clutch_A,0.5,11.014485018182631,10.735822086339734,1.863899922874456,2.1145702874059924,0.911327102166313,0.919156365503212,30,True,False,9.107483258886502,7,0.23333333333333334,86.74,5.739533333333333,1.0,0.6,11.014,10.736,1.864,-0.00017791366026642663
fish_022,low_impact,clutch_A,1.0,9.585156957514455,10.648241195858596,1.535566104539094,3.184478200050224,0.8150552885029303,1.2227077049026975,30,True,False,10.060096078360248,4,0.13333333333333333,85.92,4.886966666666665,1.0,0.6,9.585,10.648,1.536,0.00024119585859594395
fish_022,low_impact,clutch_A,5.0,8.782324785242809,7.784029282048969,1.3381292349088696,1.4729042595816575,0.8819892724700769,0.8727397248895095,30,True,False,10.533638039857692,5,0.16666666666666666,92.95,3.7149000000000005,1.0,0.6,8.782,7.784,1.338,2.9282048969569985e-05
fish_022,low_impact,clutch_A,24.0,9.040081092915397,5.7759893133772815,2.2317601687421362,0.9739331691445762,0.8788270607506411,0.8907214108697895,30,True,False,7.773582318319997,8,0.26666666666666666,91.97,4.116766666666667,1.0,0.6,9.04,5.776,2.232,-1.068662271830334e-05
fish_023,low_impact,clutch_A,-1.0,9.62381836360164,3.9605978541493294,2.2252293323774084,0.5892062478264606,0.8862723138204553,0.8568800448018136,30,True,False,12.307505622950394,6,0.2,93.06,3.6621666666666663,0.8,0.2,9.624,3.961,2.225,-0.0004021458506704434
fish_023,low_impact,clutch_A,0.5,10.25617521366071,6.8493422449766745,2.1212270540685125,1.17396283436748,0.8893282686205125,0.9768531806875594,30,True,False,7.538516906448895,2,0.06666666666666667,86.6,4.606399999999999,1.0,0.4,10.256,6.849,2.121,0.00034224497667434406
fish_023,low_impact,clutch_A,1.0,10.583097128544296,6.875014033196881,1.3378885469385629,1.2234318930785275,0.8820728701551496,1.0450596715811076,30,True,False,9.945652302699235,7,0.23333333333333334,86.01,3.9106666666666663,1.0,0.0,10.583,6.875,1.338,1.403319688098037e-05
fish_023,low_impact,clutch_A,5.0,8.474919821203105,5.310658212707891,1.5152695988891105,0.8648799883991704,0.8805287841853388,0.8186262954248604,30,True,False,9.469915770421414,10,0.3333333333333333,95.13,3.1553999999999993,1.0,0.4,8.475,5.311,1.515,-0.00034178729210854186
fish_023,low_impact,clutch_A,24.0,10.227656897686128,3.9130819720609713,2.0441058036540225,0.6401968822776062,0.8652642772688524,1.000636043061637,30,True,False,10.681090026017124,12,0.4,99.42,3.5551666666666657,1.0,0.4,10.228,3.913,2.044,8.197206097149135e-05
fish_024,low_impact,clutch_A,-1.0,8.621167196388809,4.491655191467463,2.1980527740633358,0.7901151971823984,0.8533303592514025,0.9108165532734985,30,True,False,9.497168523288053,4,0.13333333333333333,98.82,3.636033333333333,0.8,0.4,8.621,4.492,2.198,-0.00034480853253704424
fish_024,low_impact,clutch_A,0.5,9.885937064877995,6.399459115785885,1.8303268659878515,0.8058186991603182,0.9335354109254186,0.7081103910638524,30,True,False,7.355407163321896,5,0.16666666666666666,80.0,4.087233333333335,1.0,0.4,9.886,6.399,1.83,0.00045911578588508917
fish_024,low_impact,clutch_A,1.0,10.154795754094813,5.770877104325044,1.606019394499788,0.7804004327918764,0.9184942035272028,0.8025943318795703,30,True,False,7.4398953139795285,7,0.23333333333333334,86.01,3.7218,1.0,0.4,10.155,5.771,1.606,-0.00012289567495571418
fish_024,low_impact,clutch_A,5.0,6.376469168734077,6.242132649950304,1.7073758593308985,1.6922616940613509,0.748137742887375,0.9906844336976106,30,True,False,12.59745447460577,8,0.26666666666666666,95.8,3.1315,1.0,0.6,6.376,6.242,1.707,0.00013264995030404236
fish_024,low_impact,clutch_A,24.0,9.42684648981502,3.338205856543832,1.7839133421863644,0.6125070266576663,0.831578609876794,1.016233450968019,30,True,False,10.557032402903273,13,0.43333333333333335,102.84,2.997666666666667,0.8,0.4,9.427,3.338,1.784,0.00020585654383209473
fish_025,low_impact,clutch_A,-1.0,9.988980148089146,6.965072746089348,1.7319065538599276,0.9766993001397642,0.9241835410574211,0.7733703005003868,30,True,False,8.859010593484795,4,0.13333333333333333,85.28,4.187966666666666,1.0,0.2,9.989,6.965,1.732,7.274608934793036e-05
fish_025,low_impact,clutch_A,1.0,10.336243096923475,18.231692390355782,0.30391889999551114,7.578990462606422,0.843793204982566,1.0412675882209088,30,True,False,8.457838765509353,3,0.1,80.6,5.513966666666666,1.0,0.4,10.336,18.232,0.304,-0.0003076096442171661
fish_025,low_impact,clutch_A,24.0,8.997337033145842,7.884009175696354,2.409036415284417,1.4685066199621282,0.8866045809370753,0.8743919681816814,30,True,False,7.855005071017705,6,0.2,81.09,4.870633333333333,1.0,0.4,8.997,7.884,2.409,9.17569635383586e-06
fish_026,low_impact,clutch_A,-1.0,11.016906459274068,5.305202999511289,2.429671952569861,0.7000166650441775,0.9181718515972381,0.8623259507651528,30,True,False,8.064159377895217,4,0.13333333333333333,94.98,4.559799999999999,1.0,1.0,11.017,5.305,2.43,0.00020299951128954774
fish_026,low_impact,clutch_A,0.5,12.043638661340996,9.470815420626339,2.832919935516258,1.4337567961761817,0.9362907902604887,0.8502874821129701,30,True,False,7.978015091951374,4,0.13333333333333333,86.67,6.670600000000001,0.8,0.8,12.044,9.471,2.833,-0.00018457937366100907
fish_026,low_impact,clutch_A,1.0,11.869352291290202,8.583432612216493,2.329283834058967,1.3430517951855958,0.9241891027381719,0.9237685786171711,30,True,False,7.47419927464285,9,0.3,79.49,5.8177666666666665,0.8,1.0,11.869,8.583,2.329,0.0004326122164926005
fish_026,low_impact,clutch_A,5.0,10.473170056510654,11.902130400381692,0.995366736549876,2.7581065822124518,0.8961054019863722,0.9396100318323499,30,True,False,7.651157278278611,7,0.23333333333333334,85.47,4.979100000000002,0.6,0.4,10.473,11.902,0.995,0.00013040038169265245
fish_026,low_impact,clutch_A,24.0,10.416582520033277,7.757559434694832,2.428336899580283,1.4655513054661677,0.8819473951112917,1.0352678029415332,30,True,False,6.976942294939807,5,0.16666666666666666,88.29,5.239199999999999,0.8,0.4,10.417,7.758,2.428,-0.0004405653051682279
fish_027,low_impact,clutch_A,-1.0,10.257607126781632,4.085971172089151,1.8333171530138057,0.6762765068297617,0.8640278072285092,1.0179053660969704,30,True,False,6.854885587020311,9,0.3,97.9,3.4072999999999998,1.0,0.4,10.258,4.086,1.833,-2.882791084957148e-05
fish_027,low_impact,clutch_A,0.5,11.34115877960829,11.308436453774783,0.7470801107064816,2.2285851409289075,0.9170695260573081,0.9060021872960095,30,True,False,10.316424041910574,4,0.13333333333333333,86.9,4.899233333333333,1.0,0.6,11.341,11.308,0.747,0.00043645377478362946
fish_027,low_impact,clutch_A,1.0,10.562414572625464,8.033650790745911,1.106415934083023,1.4720667931760518,0.8918409897135022,0.9998238185169973,30,True,False,7.266681576065281,8,0.26666666666666666,76.37,4.042733333333334,1.0,0.2,10.562,8.034,1.106,-0.0003492092540895442
fish_027,low_impact,clutch_A,5.0,8.668846039374797,5.603968891207788,2.035726919391232,1.3305838570686137,0.7818742087950107,1.2100850984184675,30,True,False,8.24191967517188,10,0.3333333333333333,88.53,3.795466666666667,1.0,0.8,8.669,5.604,2.036,-3.110879221246421e-05
fish_027,low_impact,clutch_A,24.0,8.78040467314422,8.918717094259804,1.3430877830990227,1.9689966607461182,0.8650586688160462,0.9413773505607086,30,True,False,7.943832403404312,3,0.1,87.76,4.007000000000001,0.8,0.8,8.78,8.919,1.343,-0.00028290574019607106
fish_028,low_impact,clutch_A,-1.0,10.267030679868581,4.915506891736331,2.134419687516084,0.5065894622659849,0.9463806103151731,0.6329231161851999,30,True,False,8.220740462269,8,0.26666666666666666,103.22,3.9894333333333334,1.0,0.6,10.267,4.916,2.134,-0.0004931082636696615
fish_028,low_impact,clutch_A,0.5,11.117154654228077,8.967225971815537,2.2642969045941936,1.1991822030870218,0.9462005499035891,0.7194548216083063,30,True,False,7.7231388709842115,4,0.13333333333333333,83.32,5.652266666666668,1.0,0.6,11.117,8.967,2.264,0.00022597181553685175
fish_028,low_impact,clutch_A,1.0,9.425002461620169,10.98046253005608,2.1232237913220815,2.6566990475772156,0.8754987498352063,0.9481006403713781,30,True,False,8.58740704907088,5,0.16666666666666666,85.67,5.497500000000001,1.0,0.6,9.425,10.98,2.123,0.00046253005607965747
fish_028,low_impact,clutch_A,5.0,7.448395835536141,11.141916760936937,1.6877254980223504,3.994576100318271,0.7658275922429756,1.0965037908454207,30,True,False,9.607111753705887,4,0.13333333333333333,88.57,4.384200000000001,1.0,0.2,7.448,11.142,1.688,-8.323906306273443e-05
fish_028,low_impact,clutch_A,24.0,9.741273509826271,5.319825461326837,2.522203069362346,0.8690204643934031,0.8799922827304638,0.9435928833822224,30,True,False,9.755177054553123,8,0.26666666666666666,87.04,4.4103,0.8,0.8,9.741,5.32,2.522,-0.00017453867316330474
fish_029,low_impact,clutch_A,-1.0,8.343019628079157,6.977909900792709,2.241384325382203,1.3811529853693345,0.8597224551802771,0.9110766252926353,30,True,False,9.579148491702872,11,0.36666666666666664,92.87,4.296033333333335,1.0,0.8,8.343,6.978,2.241,-9.009920729052823e-05
fish_029,low_impact,clutch_A,0.5,10.607030706065927,14.464544176613588,1.0792296759633095,3.8000214921318807,0.9011544847681013,0.8865967071268919,30,True,False,9.026353885987133,4,0.13333333333333333,81.22,5.7070333333333325,1.0,0.2,10.607,14.465,1.079,-0.00045582338641203535
fish_029,low_impact,clutch_A,1.0,10.154722231885783,7.176503362387002,2.6184785987740904,1.2311746128042067,0.8933501590490904,0.9501522248873677,30,True,False,8.526792774351794,10,0.3333333333333333,86.0,5.181033333333332,0.8,0.6,10.155,7.176,2.618,0.0005033623870014381
fish_029,low_impact,clutch_A,5.0,8.184335189214032,9.729771916079246,1.6834792432857126,2.0133203950131775,0.8906636569779098,0.7746542719279018,30,True,False,9.052413513202573,6,0.2,92.59,4.348666666666666,1.0,0.4,8.184,9.73,1.683,-0.00022808392075468475
fish_029,low_impact,clutch_A,24.0,9.165892415827097,9.348727089761212,1.5021665514487839,1.739537760419303,0.9053777926134489,0.8026155709913158,30,True,False,7.999230131308321,7,0.23333333333333334,92.03,4.3923000000000005,1.0,0.4,9.166,9.349,1.502,-0.000272910238788171
fish_030,low_impact,clutch_A,-1.0,9.607200314932571,9.547312835761591,1.3204933760031672,1.7478483053733038,0.9103453779250741,0.8155776352764118,30,True,False,8.866222597524883,7,0.23333333333333334,97.98,4.401766666666665,0.8,0.4,9.607,9.547,1.32,0.0003128357615906907
fish_030,low_impact,clutch_A,0.5,11.590794683612504,17.96045848925347,0.44636379037186824,6.019940968851526,0.8900251171686036,0.9593310903717103,30,True,False,7.22298361472042,3,0.1,85.85,6.2379999999999995,1.0,0.4,11.591,17.96,0.446,0.0004584892534680307
fish_030,low_impact,clutch_A,1.0,9.415406777242275,10.844607556420252,2.4716920570783043,2.577882095144844,0.8774078818931289,0.9403488876513746,30,True,False,10.387123958480467,4,0.13333333333333333,87.34,5.810500000000001,1.0,0.6,9.415,10.845,2.472,-0.00039244357974865807
fish_030,low_impact,clutch_A,5.0,9.72680569446037,17.44640017327306,0.01789008781291646,6.244116733466689,0.8709091058822505,0.8911362527633705,30,True,False,8.582212117434858,4,0.13333333333333333,91.96,4.795466666666666,1.0,0.4,9.727,17.446,0.018,0.00040017327305719164
fish_030,low_impact,clutch_A,24.0,10.211055394212998,9.63060332157813,1.679026856356389,1.5276312481176069,0.9318724825925214,0.7464126275882794,30,True,False,7.466250449763626,3,0.1,95.38,4.976966666666667,1.0,0.6,10.211,9.631,1.679,-0.00039667842187007807
fish_032,high_impact,clutch_A,-1.0,10.301447778970916,7.565247044039176,2.089371124348544,1.1914414048003614,0.9128423296305924,0.8640557740000444,30,True,False,8.053064718252513,4,0.13333333333333333,90.46,4.810033333333333,1.0,0.6,10.301,7.565,2.089,0.0002470440391757478
fish_032,high_impact,clutch_A,0.5,9.34609090391803,5.886604000840911,1.3718680058932247,0.7875383455467512,0.9211029246832035,0.72755069150983,30,True,False,10.521841728109703,11,0.36666666666666664,52.35,3.3537333333333335,1.0,0.2,9.346,5.887,1.372,-0.00039599915908894445
fish_032,high_impact,clutch_A,1.0,8.586296463758147,7.172803982822808,1.0750742848844856,1.473997926978989,0.8536952838602839,0.9625583878775029,30,True,False,8.758316589945887,8,0.26666666666666666,59.91,3.2408666666666672,1.0,0.2,8.586,7.173,1.075,-0.0001960171771919761
fish_032,high_impact,clutch_A,5.0,7.577492807535346,15.507949371892527,3.022837195536872e-12,7.445183958626144,0.755253468743198,1.0709000491871838,30,True,False,10.965679370413504,7,0.23333333333333334,64.49,3.4567333333333337,1.0,0.2,7.577,15.508,0.0,-5.0628107471695216e-05
fish_032,high_impact,clutch_A,24.0,9.43430396392704,5.629698462318032,1.9932034704114108,0.7731304612661154,0.9148718061231734,0.7610412992966448,30,True,False,9.999863076635103,3,0.1,74.79,3.9161333333333337,1.0,0.0,9.434,5.63,1.993,-0.0003015376819677229
fish_033,high_impact,clutch_A,-1.0,8.569116714369793,6.97637647848077,1.8756402422028702,1.206363012127416,0.889236047977719,0.8175929731586447,30,True,False,8.840633627933496,6,0.2,98.48,3.9855666666666667,1.0,0.4,8.569,6.976,1.876,0.00037647848076982626
fish_033,high_impact,clutch_A,0.5,7.009633730310207,3.699597667140022,1.3040853909665238,0.862393654862525,0.7572417329859324,0.9723786030419131,30,True,False,11.776901599817897,15,0.5,57.44,2.2903000000000002,0.8,0.4,7.01,3.7,1.304,-0.00040233285997803847
fish_033,high_impact,clutch_A,1.0,7.043092054187483,5.303523834229927,0.8509287335346087,1.0753411157302002,0.8261188985986988,0.8471684742593983,30,True,False,9.7330269040591,12,0.4,51.06,2.2123333333333335,1.0,0.4,7.043,5.303,0.851,0.0005238342299271892
fish_033,high_impact,clutch_A,5.0,5.951622060885087,3.3250393107626532,1.3555546460763968,0.7081768381307382,0.7855124646012697,0.7443150650994093,30,True,False,16.948977334180825,10,0.3333333333333333,68.96,2.1192666666666664,1.0,0.0,5.952,3.325,1.356,3.931076265306643e-05
fish_033,high_impact,clutch_A,24.0,6.932159881201189,5.070113202735871,1.581983964686623,1.1690895288070495,0.7817771311757322,0.9534466189390423,30,True,False,12.262105605360743,7,0.23333333333333334,81.55,2.8693999999999997,1.0,0.2,6.932,5.07,1.582,0.00011320273587056562
fish_034,high_impact,clutch_A,-1.0,7.330527856329091,6.17241056237841,2.283150506313965,1.2853075911571574,0.8330850976166276,0.8775706476163547,30,True,False,11.43924590770562,9,0.3,94.46,3.9042000000000003,1.0,0.8,7.331,6.172,2.283,0.00041056237841008425
fish_034,high_impact,clutch_A,0.5,6.376871695488908,5.5077574405481915,1.2966466194709647,1.1689798900392347,0.8160602561349476,0.7981821887366356,30,True,False,10.851378178465845,7,0.23333333333333334,52.96,2.5713666666666666,1.0,0.0,6.377,5.508,1.297,-0.00024255945180851057
fish_034,high_impact,clutch_A,1.0,5.129535190308868,7.275814481776656,1.159624536325311,2.084979575097303,0.752618801162166,0.7969741613289912,30,True,False,10.04722890597656,11,0.36666666666666664,53.13,2.4695666666666662,0.6,0.2,5.13,7.276,1.16,-0.00018551822334345047
fish_034,high_impact,clutch_A,5.0,5.488315917260145,4.731521044518553,1.4164657918032741,1.455569769889815,0.6604626965441607,1.0123977996420213,30,True,False,14.395442697198092,11,0.36666666666666664,70.79,2.3750666666666667,1.0,0.2,5.488,4.732,1.416,-0.000478955481447052
fish_034,high_impact,clutch_A,24.0,5.923588287032913,6.167548673225139,1.1502213444439526,1.6352808995626824,0.7546996623805969,0.9031370531161154,30,True,False,13.235044427403347,7,0.23333333333333334,69.72,2.459233333333333,0.8,0.2,5.924,6.167,1.15,0.0005486732251389626
fish_035,high_impact,clutch_A,-1.0,9.895648991108747,6.330002045202588,1.553387669272263,1.10849145999264,0.8780263667875667,0.9890320659171882,30,True,False,6.14234761115364,9,0.3,104.04,3.7909,1.0,0.6,9.896,6.33,1.553,2.0452025877304436e-06
fish_035,high_impact,clutch_A,0.5,7.76764275495962,2.3513085840711674,1.2686216454257973,0.385557655758417,0.8584999475188408,0.697575306452823,30,True,False,12.566263066775438,12,0.4,55.14,2.0160333333333336,1.0,0.4,7.768,2.351,1.269,0.00030858407116740594
fish_035,high_impact,clutch_A,1.0,7.202924148598576,2.7072623800542455,1.8004825975886323,0.6787911982240072,0.7218046157834072,1.0213957044243693,30,True,False,16.366907761068653,12,0.4,45.11,2.577899999999999,1.0,0.4,7.203,2.708,1.8,-0.0007376199457547195
fish_035,high_impact,clutch_A,5.0,6.481358299865696,3.5831640535085403,1.0920387156234694,0.8379839073795557,0.7547672331601957,0.898905016262591,30,True,False,11.777579658167541,15,0.5,70.74,1.9789999999999999,0.8,0.2,6.481,3.583,1.092,0.00016405350854009626
fish_035,high_impact,clutch_A,24.0,7.864363152042393,4.921674149563973,0.8614427417786106,0.7682126585111886,0.8850487969309164,0.7341881075823454,30,True,False,9.699089705660533,12,0.4,68.79,2.283933333333334,1.0,0.0,7.864,4.922,0.861,-0.0003258504360266201
fish_036,high_impact,clutch_A,-1.0,7.969187855479911,6.2182511689880196,1.778901491191576,1.4187328286195235,0.8070021211610419,1.0431379079529917,30,True,False,9.558513984160674,9,0.3,86.91,3.5527333333333333,1.0,0.4,7.969,6.218,1.779,0.0002511689880195789
fish_036,high_impact,clutch_A,0.5,6.760186285059758,1.8623893858618903,1.186558860538709,0.44317926995626883,0.7461863598573658,0.8288723112771578,30,True,False,20.984893381725893,19,0.6333333333333333,59.47,1.728933333333333,1.0,0.2,6.76,1.862,1.187,0.0003893858618901902
fish_036,high_impact,clutch_A,1.0,5.607567679365001,1.303007541373544,1.338211840244703,0.49492576759958323,0.5570529155081452,0.9826497424679801,30,True,False,42.29152487605907,16,0.5333333333333333,51.86,1.6870666666666665,0.4,0.0,5.607,1.303,1.338,7.541373544084351e-06
fish_036,high_impact,clutch_A,5.0,3.558704698566249,1.9864853085391132,0.9653558038022627,0.8157622292300315,0.49474364386496517,0.7664706075877303,30,True,False,26.553805070319513,14,0.4666666666666667,70.59,1.2652666666666665,0.8,0.2,3.559,1.987,0.965,-0.0005146914608868958
fish_036,high_impact,clutch_A,24.0,4.397344018117754,1.3199257076053177,1.6457718317787247,0.6032119092367548,0.46374812762967144,0.931239926278081,30,True,False,60.85295704540665,14,0.4666666666666667,71.48,1.9217000000000002,0.6,0.2,4.397,1.32,1.646,-7.42923946823737e-05
fish_037,high_impact,clutch_A,-1.0,11.605347688774144,2.591678257403797,2.1592700488134695,0.37252902676144034,0.8874740267550542,0.9345359735576517,30,True,False,14.904930252450571,12,0.4,104.8,3.367666666666667,1.0,0.8,11.605,2.592,2.159,-0.00032174259620321166
fish_037,high_impact,clutch_A,0.5,6.670371288398597,1.1949775717532871,1.3508347808521592,0.31950931629687584,0.7241947314428914,0.7979073328694536,30,True,False,12.747622400833185,12,0.4,43.96,1.743033333333333,0.8,0.2,6.67,1.195,1.351,-2.242824671294663e-05
fish_037,high_impact,clutch_A,1.0,7.161890069948775,1.05835459301735,1.3615511657027008,0.2840329898669216,0.7344185214475218,0.8204813542082456,30,True,False,17.99611453226405,22,0.7333333333333333,61.14,1.7520999999999998,0.6,0.4,7.162,1.058,1.362,0.00035459301734985793
fish_037,high_impact,clutch_A,5.0,6.8568404658538915,0.7903773772344649,1.2206906433275662,0.2859533162491217,0.6537454819518554,0.9209675583899107,30,True,False,21.13613861501533,13,0.43333333333333335,56.75,1.5391000000000001,0.2,0.0,6.857,0.79,1.221,0.0003773772344648485
fish_037,high_impact,clutch_A,24.0,6.973086682126966,1.0861275493549212,1.5654064376520709,0.3412344602432408,0.6655493098919161,0.9450004838333766,30,True,False,14.564090916020827,12,0.4,70.19,1.9516666666666667,0.6,0.4,6.973,1.086,1.565,0.0001275493549210971
fish_038,high_impact,clutch_A,-1.0,9.679900149445196,5.787448846751925,1.6368627461665268,0.958036527669492,0.8828408258854935,0.9359376908885801,30,True,False,9.499474635324894,6,0.2,90.17,3.658833333333333,1.0,0.4,9.68,5.787,1.637,0.000448846751925025
fish_038,high_impact,clutch_A,0.5,7.803953185237442,0.8243903732896983,1.6585450149704444,0.25406573464974663,0.714493486222612,0.9138306889169583,30,True,False,34.17111056158029,7,0.23333333333333334,56.54,2.0287333333333337,0.4,0.2,7.804,0.824,1.659,0.0003903732896983758
fish_038,high_impact,clutch_A,1.0,8.173327707075716,0.7236866332667377,1.3927963933747025,0.18028981014676954,0.8136325501270393,0.716987264912483,30,True,False,19.02495540800071,7,0.23333333333333334,55.78,1.7565999999999997,0.8,0.0,8.173,0.724,1.393,-0.00031336673326232134
fish_038,high_impact,clutch_A,5.0,8.130224625940562,1.0340005277566968,1.3780660995740834,0.3033048401177386,0.701070815237847,1.0083164301156087,30,True,False,10.522036615356965,18,0.6,66.57,1.8153,0.2,0.2,8.13,1.034,1.378,5.277566967887282e-07
fish_038,high_impact,clutch_A,24.0,7.85863470137593,1.162894192253693,1.6036196842788362,0.3346175830890533,0.6964739054503353,1.0014941841671299,30,True,False,16.17642057496819,19,0.6333333333333333,78.29,2.0577666666666663,0.6,0.6,7.859,1.163,1.604,-0.00010580774630697398
fish_039,high_impact,clutch_A,-1.0,8.161116633160097,6.8940868871869485,1.7383763161796653,1.208934225797503,0.8853503474674276,0.7932997983969436,30,True,False,8.909558399581583,6,0.2,95.75,3.7271666666666667,1.0,0.4,8.161,6.894,1.738,8.688718694838116e-05
fish_039,high_impact,clutch_A,0.5,7.223604740346237,1.3388070195194484,1.269489385597756,0.28823226096378435,0.7949920381556905,0.7241413533942009,30,True,False,17.627441211871446,9,0.3,54.4,1.7271,0.8,0.0,7.224,1.339,1.269,-0.00019298048055160777
fish_039,high_impact,clutch_A,1.0,6.463411742775667,1.043638286590009,1.331915420997522,0.3585492207620236,0.6297183740584391,0.9424718724234682,30,True,False,18.81076784326797,19,0.6333333333333333,58.3,1.6814333333333333,0.6,0.6,6.463,1.044,1.332,-0.0003617134099911379
fish_039,high_impact,clutch_A,5.0,7.543649946948274,1.8940292733608757,1.1241303547171513,0.3485993190296597,0.8305961942556317,0.7187532948587112,30,True,False,17.00963709318416,16,0.5333333333333333,62.84,1.7371333333333332,0.6,0.2,7.544,1.894,1.124,2.9273360875770038e-05
fish_039,high_impact,clutch_A,24.0,6.491531861714132,3.5200698947645956,1.0308779113697544,0.7128363590743733,0.8035561368279791,0.7779232190105057,30,True,False,10.281025880093482,9,0.3,78.87,1.9057,0.8,0.4,6.491,3.52,1.031,6.989476459562383e-05
fish_040,high_impact,clutch_A,-1.0,9.69446604206314,5.172837445117829,2.3253281347568073,0.9583198838740842,0.8487298392364914,1.0688949772395986,30,True,False,10.586205001049365,7,0.23333333333333334,99.83,4.158133333333334,1.0,0.6,9.694,5.173,2.325,-0.00016255488217087333
fish_040,high_impact,clutch_A,0.5,6.814819940713793,3.7367313957619133,1.205636839968183,0.8331807070158525,0.7736128871296049,0.9051458062242088,30,True,False,12.022283339793278,7,0.23333333333333334,57.02,2.1728,1.0,0.2,6.815,3.737,1.206,-0.00026860423808683365
fish_040,high_impact,clutch_A,1.0,7.558893182290269,4.757932788200944,0.7656465068194379,0.7917627141673407,0.8695318444531518,0.7540315107440316,30,True,False,10.254845647998419,13,0.43333333333333335,50.9,2.0924333333333336,0.8,0.0,7.559,4.758,0.766,-6.721179905611052e-05
fish_040,high_impact,clutch_A,5.0,6.644106129885766,6.413284533439804,0.6313353597923158,1.6111467771012908,0.7794908971442034,0.9488287854934137,30,True,False,13.806571250918866,9,0.3,62.73,2.1510333333333334,0.8,0.2,6.644,6.413,0.631,0.00028453343980405776
fish_040,high_impact,clutch_A,24.0,7.006431239345064,4.699544374181686,1.2141448495581157,1.0960677080631132,0.7713703306413071,0.9801613176002504,30,True,False,6.882952592942845,12,0.4,74.62,2.430566666666667,0.8,0.6,7.006,4.7,1.214,-0.0004556258183141537
fish_041,high_impact,clutch_A,-1.0,6.6190716563718315,8.832495888271445,1.4960290675152808,2.4559251534530744,0.7997608871824077,0.8993573580331161,30,True,False,13.849801418741562,6,0.2,98.03,3.488166666666667,1.0,0.4,6.619,8.832,1.496,0.0004958882714447554
fish_041,high_impact,clutch_A,0.5,5.314523366192339,0.8381751553696799,1.3799659793290115,0.3056416786149977,0.6379124246400425,0.7428526602825071,30,True,False,23.548409975989244,11,0.36666666666666664,54.99,1.6342333333333332,0.4,0.2,5.315,0.838,1.38,0.00017515536967993572
fish_041,high_impact,clutch_A,1.0,4.747181852548391,0.8294717661318559,1.2422998290567855,0.44571182625995526,0.45016771178672677,0.9724157650202464,30,True,False,-50.55272536424481,13,0.43333333333333335,59.32,1.4682000000000002,0.4,0.4,4.747,0.829,1.242,0.0004717661318559552
fish_041,high_impact,clutch_A,5.0,4.62158541368101,1.2608990711605883,1.7463188934549416,0.6890573898081259,0.38080213013248043,1.1519388584512948,30,True,False,28.37353797958778,14,0.4666666666666667,68.97,2.0276666666666667,0.4,0.2,4.622,1.261,1.746,-0.00010092883941159592
fish_041,high_impact,clutch_A,24.0,5.9520040725583705,2.065920283512981,1.4989495053254691,0.4580677515198761,0.7698777799036671,0.6994459387081425,30,True,False,13.857360888743354,14,0.4666666666666667,71.89,2.0160000000000005,0.8,0.4,5.952,2.066,1.499,-7.971648701898815e-05
fish_042,high_impact,clutch_A,-1.0,7.404332892440562,5.926172279103915,2.2807103744831467,1.2196494019365751,0.832130318137871,0.8852967214257921,30,True,False,10.15102672248495,7,0.23333333333333334,91.74,3.8601666666666663,1.0,0.6,7.404,5.926,2.281,0.00017227910391515167
fish_042,high_impact,clutch_A,0.5,6.40996774068723,5.829869036528283,1.1039655540479878,1.4470692893673454,0.7710884055954814,0.9278337526841847,30,True,False,13.237070056416645,5,0.16666666666666666,53.69,2.4516,1.0,0.4,6.41,5.83,1.104,-0.00013096347171703826
fish_042,high_impact,clutch_A,5.0,6.52266129388467,6.324697465813779,0.8949456462882428,1.5486819185265945,0.7862916269810323,0.9117885010033523,30,True,False,9.377821732238825,5,0.16666666666666666,65.79,2.3687,0.8,0.2,6.523,6.325,0.895,-0.00030253418622105954
fish_042,high_impact,clutch_A,24.0,5.73848739858581,6.210886112317588,1.6707270192337698,1.72666878322652,0.7377863857375513,0.9155746538331967,30,True,False,11.373293135397848,6,0.2,71.82,2.9467,1.0,0.2,5.738,6.211,1.671,-0.00011388768241271663
fish_043,high_impact,clutch_A,-1.0,10.089820091548756,3.7519303399220423,2.200382544883047,0.6032131457839435,0.8680545037588688,0.9666828661263055,30,True,False,7.847014628222605,15,0.5,99.01,3.6374,1.0,0.2,10.09,3.752,2.2,-6.966007795750073e-05
fish_043,high_impact,clutch_A,1.0,8.254613188685715,0.6903098823715975,1.3137387884384792,0.21506034731077747,0.746939353268283,0.8778521165617524,30,True,False,19.59330129920781,14,0.4666666666666667,54.67,1.6733666666666664,0.4,0.4,8.255,0.69,1.314,0.0003098823715975696
fish_043,high_impact,clutch_A,5.0,7.872713310822688,1.027522230742323,1.323887516677069,0.26429830797853554,0.7537648856480214,0.8539295135294361,30,True,False,22.018758533952763,14,0.4666666666666667,65.69,1.7456999999999998,0.4,0.4,7.873,1.027,1.324,0.0005222307423231598
fish_043,high_impact,clutch_A,24.0,7.923619907258142,1.114731078706903,1.3203646178150694,0.2994879439295882,0.7286687639851951,0.9277037518276026,30,True,False,21.266585746541633,10,0.3333333333333333,74.78,1.7663333333333333,0.4,0.4,7.924,1.115,1.32,-0.0002689212930970797
fish_044,high_impact,clutch_A,-1.0,9.24815598764447,5.488953338947416,2.024592806506286,0.9079034146756043,0.879360931955526,0.9026539692823781,30,True,False,9.848058414269696,8,0.26666666666666666,94.77,3.8676666666666666,1.0,0.6,9.248,5.489,2.025,-4.666105258355202e-05
fish_044,high_impact,clutch_A,0.5,5.9797469933452625,5.181466784364356,1.5286117528518162,1.2172198339883298,0.7774120415161311,0.8358757289263822,30,True,False,11.324319012789134,10,0.3333333333333333,52.2,2.6608,0.8,0.2,5.98,5.181,1.529,0.0004667843643559877
fish_044,high_impact,clutch_A,1.0,5.6237458541986385,4.475870991410443,1.58822772331791,1.168003932241789,0.7252730502403656,0.8814362236568553,30,True,False,14.417110099724567,10,0.3333333333333333,57.23,2.523333333333333,1.0,0.0,5.624,4.476,1.588,-0.00012900858955688932
fish_044,high_impact,clutch_A,5.0,6.2320391716259405,4.514131479372688,1.2550179677298186,0.890177113595933,0.8226609664271153,0.7380434274989224,30,True,False,10.383448360583644,11,0.36666666666666664,68.32,2.2990999999999997,0.8,0.4,6.232,4.514,1.255,0.00013147937268787047
fish_044,high_impact,clutch_A,24.0,5.555159935141505,4.475958992638015,1.994382665928845,1.2599562913992481,0.6940784108535283,0.9392134861652944,30,True,False,12.28500995525874,10,0.3333333333333333,72.16,2.9181000000000004,1.0,0.2,5.555,4.476,1.994,-4.1007361985201385e-05
fish_045,high_impact,clutch_A,-1.0,9.707951313122395,5.598647887600856,1.7676878599297534,0.7684044308198827,0.9146841603194306,0.7834650590449053,30,True,False,9.07813180599569,4,0.13333333333333333,95.04,3.7367,1.0,0.4,9.708,5.599,1.768,-0.00035211239914456627
fish_045,high_impact,clutch_A,0.5,8.116909894168833,2.2886465603112716,1.2969079982404044,0.4771685286533282,0.789777994924586,0.92073508444904,30,True,False,13.46559404073014,14,0.4666666666666667,54.16,2.061233333333333,1.0,0.2,8.117,2.289,1.297,-0.0003534396887285851
fish_045,high_impact,clutch_A,1.0,9.327199912071125,2.099982024631926,1.2617908154519337,0.30340167221180503,0.8872339973329582,0.7172907908881591,30,True,False,7.728543331295237,17,0.5666666666666667,51.8,2.0824333333333334,0.8,0.4,9.327,2.1,1.262,-1.7975368074019116e-05
fish_045,high_impact,clutch_A,5.0,6.63809134469512,3.712982338730052,1.054024760366128,0.9960999595557323,0.702115993025475,1.0601551752207814,30,True,False,15.212651108313862,13,0.43333333333333335,58.28,1.9909,1.0,0.6,6.638,3.713,1.054,-1.7661269948288094e-05
fish_045,high_impact,clutch_A,24.0,6.8254008561298,5.524745597398869,1.2712823151809942,1.2686242989570493,0.7915642059819799,0.9238013352637232,30,True,False,9.127707352585126,5,0.16666666666666666,75.85,2.6394000000000006,1.0,0.0,6.825,5.525,1.271,-0.00025440260113107627
fish_046,sham,clutch_B,-1.0,6.325275643204252,7.265062099238124,2.0351973161461374,1.7057838601756161,0.8190163423283581,0.8057326099950879,30,True,False,11.76968659764538,10,0.3333333333333333,97.13,3.6484333333333336,1.0,0.8,6.325,7.265,2.035,6.209923812416918e-05
fish_046,sham,clutch_B,0.5,7.021644595257904,7.694190697336042,2.082219420562073,1.905770981923092,0.8116365287739775,0.9187011936535642,30,True,False,13.346297435046495,7,0.23333333333333334,99.53,3.963733333333333,0.8,0.4,7.022,7.694,2.082,0.000190697336042156
fish_046,sham,clutch_B,1.0,6.847100931346114,5.812627615438363,2.319671039658122,1.2779840950762789,0.8107656071267854,0.8784738509501231,30,True,False,9.780323399597759,6,0.2,104.79,3.755433333333334,1.0,0.4,6.847,5.813,2.32,-0.0003723845616363519
fish_046,sham,clutch_B,5.0,7.115328473827959,8.480739307867104,1.80376588004341,2.1608846208692194,0.8192703246139282,0.9083021075926386,30,True,False,10.175396360360455,10,0.3333333333333333,97.05,3.8741,1.0,0.2,7.115,8.481,1.804,-0.0002606921328958123
fish_046,sham,clutch_B,24.0,5.936187999163286,8.475845085441202,1.834891863851685,2.7824958302877607,0.7318298849827766,0.9766643229475395,30,True,False,12.89087714473796,10,0.3333333333333333,105.86,3.5613000000000006,1.0,0.6,5.936,8.476,1.835,-0.00015491455879868
fish_047,sham,clutch_B,-1.0,4.260670104364136,4.606360321494024,2.561029141893958,1.8926365740034468,0.5186798596641393,1.0508307692390426,30,True,False,23.080555774564036,10,0.3333333333333333,117.69,3.2877333333333336,0.8,0.2,4.261,4.606,2.561,0.00036032149402398517
fish_047,sham,clutch_B,0.5,6.3223183805338605,4.03756089062418,1.8207276547607343,1.0558592630895791,0.7172088364182637,0.9906749187325798,30,True,False,13.562177520315062,6,0.2,101.82,2.7807666666666666,1.0,0.4,6.322,4.038,1.821,-0.00043910937582047893
fish_047,sham,clutch_B,1.0,9.681326496674401,2.547037243559954,2.120964192969858,0.4474972188972127,0.8407215868997289,0.9491948800563463,30,True,False,10.538455362346793,8,0.26666666666666666,107.77,3.1148,1.0,0.8,9.681,2.547,2.121,3.724355995382567e-05
fish_047,sham,clutch_B,5.0,5.175753517079013,5.006973968561961,1.832621140307337,1.598441735927379,0.6499458609914934,0.9867934976097484,30,True,False,14.71763314068027,8,0.26666666666666666,99.02,2.7831999999999995,0.6,0.8,5.176,5.007,1.833,-2.6031438038920385e-05
fish_047,sham,clutch_B,24.0,5.959460246423107,3.8070966310279917,2.112982995134379,0.9685372986262362,0.7250386222281924,0.9046637005717302,30,True,False,13.476211292447067,9,0.3,106.19,2.9726,0.8,0.6,5.959,3.807,2.113,9.663102799173373e-05
fish_048,sham,clutch_B,-1.0,7.179765567101082,9.722859833824893,1.7502770744325709,2.9064780726573276,0.7959014377603592,0.9822522100151219,30,True,False,8.329289758237318,3,0.1,114.29,4.087000000000001,1.0,0.0,7.18,9.722,1.751,0.0008598338248937409
fish_048,sham,clutch_B,0.5,8.33084735810904,13.854335878413261,1.069392707954654,4.605526454567506,0.8414913616521416,0.9227325225880134,30,True,False,7.8342189099691915,4,0.13333333333333333,101.28,4.5997666666666674,1.0,0.2,8.331,13.854,1.069,0.00033587841326188084
fish_048,sham,clutch_B,1.0,7.038596624640945,8.835046937320161,2.7869590930105135,2.7950640910498787,0.7552891688577398,1.0879099343682062,30,True,False,10.162502876074178,4,0.13333333333333333,101.07,4.905866666666667,1.0,0.8,7.039,8.834,2.787,0.0010469373201615895
fish_048,sham,clutch_B,5.0,8.934220694984392,18.28771793167778,0.09617744623007009,7.034449384459207,0.863820595762966,0.8295888119065487,30,True,False,10.254898387235148,5,0.16666666666666666,105.35,4.607533333333333,1.0,0.4,8.934,18.288,0.096,-0.00028206832222110734
fish_048,sham,clutch_B,24.0,7.909617860344915,16.7054510211068,1.0260013838757542,8.518716818099703,0.755069945393258,1.088317518567531,30,True,False,9.431872852154592,7,0.23333333333333334,105.03,4.8104000000000005,1.0,0.6,7.91,16.707,1.026,-0.0015489788932008253
fish_049,sham,clutch_B,-1.0,5.74902417997016,8.889231772416718,1.5642779152835637,2.7530340463281133,0.7643992670731359,0.8665069860802099,30,True,False,10.260794870809882,8,0.26666666666666666,104.2,3.303733333333333,0.6,0.2,5.749,8.889,1.564,0.0002317724167184565
fish_049,sham,clutch_B,0.5,5.423045833967519,6.457058351158268,2.770114211498311,2.1781495727938287,0.6634795328117729,1.037668465861258,30,True,False,9.46372260971954,10,0.3333333333333333,103.25,4.017966666666666,0.8,0.4,5.423,6.457,2.77,5.835115826791082e-05
fish_049,sham,clutch_B,1.0,6.243187824770322,8.280441623022003,2.0994232058176117,2.241671512467497,0.7962157667691364,0.8586080932127267,30,True,False,12.427764531412713,4,0.13333333333333333,111.68,3.8799333333333337,0.8,0.4,6.243,8.28,2.099,0.00044162302200412284
fish_049,sham,clutch_B,5.0,6.180766705439047,17.15240929808726,0.9888646222296988,8.381582213493273,0.7784584954004736,0.7893676107605373,30,True,False,10.910044387416976,9,0.3,98.14,3.993933333333333,1.0,0.6,6.181,17.152,0.989,0.00040929808725920225
fish_049,sham,clutch_B,24.0,7.429913894023272,8.934206825133645,1.4071908444882208,2.2203801946779875,0.8352404343062565,0.8957269839547515,30,True,False,8.63629128441996,6,0.2,101.18,3.6646000000000005,1.0,0.4,7.43,8.934,1.407,0.0002068251336453386
fish_050,sham,clutch_B,-1.0,5.756758592086564,6.120206087213765,2.301286380763851,1.3679556057687214,0.8114613539920492,0.7414520686764349,30,True,False,13.16109845944476,14,0.4666666666666667,107.65,3.5648,1.0,0.2,5.757,6.12,2.301,0.00020608721376458305
fish_050,sham,clutch_B,1.0,6.869905856882375,8.97830565961368,1.6044239229939075,2.211477272344655,0.838502785957843,0.8182254993587486,30,True,False,11.069114150147959,3,0.1,104.61,3.7001666666666666,1.0,0.4,6.87,8.978,1.604,0.0003056596136801204
fish_050,sham,clutch_B,5.0,7.474223470175466,14.052929301865014,0.5244169895056853,5.268559442687448,0.8102795358965185,0.9196846944248409,30,True,False,7.876359549912542,3,0.1,113.02,3.722633333333334,1.0,0.2,7.474,14.053,0.524,-7.069813498716826e-05
fish_050,sham,clutch_B,24.0,6.204297130302494,9.754142191246855,1.9203488849032029,2.9387126411436957,0.7940395853875055,0.8534529813235344,30,True,False,14.13899507732014,5,0.16666666666666666,92.23,3.9448,0.8,0.2,6.204,9.754,1.92,0.00014219124685510565
fish_051,sham,clutch_B,-1.0,7.150415955930819,4.089183468502564,1.8135775206048828,0.7497753604599173,0.8381636472538645,0.7860938222736917,30,True,False,9.822847818917039,8,0.26666666666666666,103.12,2.911533333333333,1.0,0.6,7.15,4.089,1.814,0.0001834685025636773
fish_051,sham,clutch_B,0.5,6.025904062944437,3.6211319446055383,2.3744419109475645,0.9427119846799887,0.713397457460119,0.9314437210864382,30,True,False,9.278140462372873,6,0.2,117.05,3.2066333333333334,1.0,0.4,6.026,3.621,2.374,0.00013194460553833665
fish_051,sham,clutch_B,1.0,6.711963004584267,3.931014737549003,2.070918307558711,0.9408144640475431,0.7502941922629254,0.9609370964536492,30,True,False,20.218151567754298,9,0.3,96.19,3.066533333333333,0.8,0.4,6.712,3.931,2.071,1.4737549002941108e-05
fish_051,sham,clutch_B,5.0,7.369626064934128,5.13603497354204,1.3811022709955538,1.2309503678690557,0.7695439524894665,1.0520791890306997,30,True,False,9.289461431686071,8,0.26666666666666666,98.15,2.7655666666666665,1.0,0.4,7.37,5.136,1.381,3.4973542040184213e-05
fish_051,sham,clutch_B,24.0,6.557560316777575,4.97726717136914,1.7812553535686992,1.0504306877995782,0.8089952598624848,0.8269597218728776,30,True,False,9.287398577993983,8,0.26666666666666666,94.55,2.979266666666667,1.0,0.0,6.558,4.977,1.781,0.0002671713691393407
fish_052,sham,clutch_B,-1.0,6.756859806501583,5.0355754612913834,2.138005462587866,0.9653825132779762,0.8377637872844368,0.7731979206168986,30,True,False,10.477601242274611,10,0.3333333333333333,104.61,3.385266666666667,1.0,0.2,6.757,5.036,2.138,-0.00042453870861614007
fish_052,sham,clutch_B,0.5,6.257718098336784,5.3360396571347914,1.9359493745564365,1.5838963178420888,0.6899072269212121,1.100955488774558,30,True,False,20.253943949434635,12,0.4,100.35,3.1521333333333335,1.0,0.2,6.258,5.336,1.936,3.965713479114896e-05
fish_052,sham,clutch_B,1.0,6.460254692007222,7.326934190479943,1.7496466576293244,1.778630582998267,0.8102022160220759,0.847650730083848,30,True,False,11.722750459553689,5,0.16666666666666666,104.42,3.4094333333333338,1.0,0.2,6.46,7.327,1.75,-6.580952005652563e-05
fish_052,sham,clutch_B,5.0,7.154853495838353,4.497999214260603,2.2833047788079837,0.9937324060456807,0.7868055092759021,0.9493438962831837,30,True,False,8.633305949728097,5,0.16666666666666666,94.56,3.4781999999999993,1.0,0.4,7.155,4.498,2.283,-7.857393971022475e-07
fish_052,sham,clutch_B,24.0,5.431003867128168,7.534614011128354,1.8875698223164357,2.091037026620733,0.7705806268161884,0.8042891580952728,30,True,False,8.610548703148455,11,0.36666666666666664,105.49,3.316933333333333,1.0,0.2,5.431,7.534,1.888,0.0006140111283539085
fish_053,sham,clutch_B,-1.0,7.090012498208339,5.875446186013434,1.676068081400301,1.6993582896389021,0.7138382789639726,1.1937351245501024,30,True,False,16.00085995502546,10,0.3333333333333333,111.97,3.1769999999999996,1.0,0.2,7.09,5.875,1.676,0.00044618601343415776
fish_053,sham,clutch_B,0.5,6.371745887502821,3.8346602920057973,2.246181499815263,1.1536535985602148,0.6538589535763755,1.144538706318813,30,True,False,13.600724476681613,9,0.3,111.5,3.1710666666666674,1.0,0.0,6.372,3.835,2.246,-0.00033970799420268705
fish_053,sham,clutch_B,1.0,6.308060484244023,3.825660032324738,2.022000032271664,0.7204278674980433,0.8281302496673906,0.7091175426173039,30,True,False,9.38398536803546,13,0.43333333333333335,105.9,2.935766666666667,0.8,0.2,6.308,3.826,2.022,-0.00033996767526200955
fish_053,sham,clutch_B,5.0,7.276740804959475,3.8877097557114797,2.2669752212133996,1.0086243585702126,0.7182538558271125,1.1284159001161806,30,True,False,12.020995842245354,10,0.3333333333333333,102.1,3.3359666666666667,0.8,0.2,7.277,3.888,2.267,-0.0002902442885202028
fish_054,sham,clutch_B,-1.0,4.335867676209688,7.285465118416616,2.3845019192151224,3.6040642047693545,0.5054917411948092,1.1622641347276303,30,True,False,16.357102731100216,6,0.2,109.26,3.4930333333333334,0.8,0.2,4.336,7.285,2.385,0.0004651184166162281
fish_054,sham,clutch_B,0.5,5.578635383939887,7.328110160086668,1.8487893553025971,2.809143801888729,0.6312845787561348,1.1558002353649173,30,True,False,8.391699769446932,8,0.26666666666666666,113.15,3.282266666666666,1.0,0.2,5.579,7.328,1.849,0.00011016008666775434
fish_054,sham,clutch_B,1.0,5.412826902438583,6.8824706379263905,2.2589157853094304,1.8058224215433754,0.7749795407203187,0.7877659748345317,30,True,False,11.83613978225811,1,0.03333333333333333,97.73,3.576033333333334,1.0,0.4,5.413,6.882,2.259,0.0004706379263907934
fish_054,sham,clutch_B,5.0,4.196321605110252,9.771382439818943,2.258577370788265,5.551247753555173,0.5207876933219585,1.0870745093674528,30,True,False,15.640340450307383,5,0.16666666666666666,112.6,3.629766666666667,0.8,0.4,4.196,9.771,2.259,0.00038243981894225954
fish_054,sham,clutch_B,24.0,5.207641364174455,7.683639297246532,1.9315362381122574,1.8523688411632173,0.8195564185718603,0.6636261682380427,30,True,False,12.320147416426058,6,0.2,104.67,3.325333333333333,1.0,0.4,5.208,7.684,1.932,-0.0003607027534684448
fish_055,sham,clutch_B,-1.0,7.340895862969611,6.592283773443181,1.6846747872175014,1.309507077733145,0.8526245721454055,0.8215162977029146,30,True,False,9.98555551525695,8,0.26666666666666666,96.75,3.4048666666666674,1.0,0.2,7.341,6.592,1.685,0.0002837734431810901
fish_055,sham,clutch_B,0.5,7.696330858606968,6.238901722221339,1.6965490044967033,1.3829569496456129,0.8162204696818849,0.977843323946633,30,True,False,10.51558357235961,6,0.2,109.52,3.4146666666666663,1.0,0.2,7.696,6.239,1.697,-9.827777866089349e-05
fish_055,sham,clutch_B,1.0,8.007479866960999,4.502820794379444,2.069310846652879,0.8209135991957468,0.8442835249383642,0.8767481137362156,30,True,False,8.707421220213972,10,0.3333333333333333,105.74,3.407866666666666,1.0,0.0,8.007,4.503,2.069,-0.00017920562055628864
fish_055,sham,clutch_B,5.0,5.77261560221801,4.941464792819733,2.5726325305031135,1.61052911474856,0.6389175294140041,1.1249138870757929,30,True,False,12.880267326253415,11,0.36666666666666664,97.91,3.6205,1.0,0.4,5.773,4.941,2.573,0.00046479281973343944
fish_055,sham,clutch_B,24.0,7.335653038012904,6.211272906024663,1.5946019159059732,1.3985320905201395,0.8109522305914779,0.9479028587988992,30,True,False,8.287117752756442,3,0.1,108.46,3.2258000000000004,1.0,0.0,7.336,6.211,1.595,0.0002729060246631221
fish_056,sham,clutch_B,-1.0,6.447160492305687,6.807273304799292,1.9487079142645791,1.2639709612329648,0.8719493789467203,0.6667646311052818,30,True,False,9.005137204498634,10,0.3333333333333333,107.39,3.502533333333333,1.0,0.0,6.447,6.807,1.949,0.0002733047992915516
fish_056,sham,clutch_B,0.5,7.165179428385834,13.473538552977551,1.5878809775455447,4.42961015208839,0.8384692117854091,0.8079974490423519,30,True,False,11.399106353863035,5,0.16666666666666666,110.09,4.566533333333333,1.0,0.4,7.165,13.474,1.588,-0.0004614470224488798
fish_056,sham,clutch_B,1.0,6.655051542751484,8.865806520541524,2.017493663941847,2.1493099162724314,0.8407193788209633,0.7864943656750454,30,True,False,9.81288950186799,5,0.16666666666666666,101.02,4.0267,1.0,0.4,6.655,8.866,2.017,-0.0001934794584759203
fish_056,sham,clutch_B,5.0,6.534127820294787,6.493059817085548,2.497550593118965,1.4416377966113618,0.8205332166121697,0.8214451691346063,30,True,False,10.111412509421323,7,0.23333333333333334,101.19,4.008433333333333,1.0,0.6,6.534,6.493,2.498,5.9817085547919646e-05
fish_056,sham,clutch_B,24.0,10.144565701924359,11.935645179978376,2.297784957050135e-22,1.9245402294626892,0.947246541740133,0.6316415358178598,30,True,False,7.5439105279412955,5,0.16666666666666666,105.14,3.863333333333334,1.0,0.0,10.145,11.936,0.0,-0.00035482002162368076
fish_057,sham,clutch_B,-1.0,6.8790322857834525,5.305156562957936,2.1203103871333187,1.3700116981335444,0.7455086363657756,1.053802862804535,30,True,False,12.230442432454852,13,0.43333333333333335,100.0,3.450366666666667,1.0,1.0,6.879,5.305,2.12,0.0001565629579358685
fish_057,sham,clutch_B,0.5,8.942420814427415,1.9813010183273556,1.7078212666964891,0.3495965849629253,0.8414056451513583,0.8269710283668177,30,True,False,13.729521586735475,8,0.26666666666666666,101.8,2.459933333333333,0.8,0.6,8.942,1.981,1.708,0.0003010183273555178
fish_057,sham,clutch_B,1.0,9.336542831487579,2.4684098027799664,1.7777706761011658,0.4447845521159102,0.8338531850631271,0.9320880840592103,30,True,False,9.56765989917022,17,0.5666666666666667,100.61,2.7120666666666664,1.0,0.6,9.337,2.468,1.778,0.0004098027799663839
fish_057,sham,clutch_B,24.0,7.4447815892037585,2.3225860555256435,2.064574062017546,0.4529013645572375,0.8110410748933481,0.7926958176902746,30,True,False,11.575916219355204,13,0.43333333333333335,108.68,2.7739000000000003,1.0,0.2,7.445,2.323,2.065,-0.00041394447435649795
fish_058,sham,clutch_B,-1.0,6.190329057472551,5.281412834272385,2.241199989072484,1.62058964025632,0.6742071862891321,1.1274889911335966,30,True,False,16.991084079129998,8,0.26666666666666666,96.81,3.433333333333334,1.0,0.6,6.19,5.281,2.241,0.00041283427238525405
fish_058,sham,clutch_B,0.5,7.020379659764164,5.907470676688451,1.9747338587319734,1.2417887316643084,0.8258123884777542,0.8579736803050312,30,True,False,6.6109492963165035,10,0.3333333333333333,101.93,3.4680999999999997,0.8,0.6,7.02,5.907,1.975,0.0004706766884510216
fish_058,sham,clutch_B,1.0,6.195521518464402,14.673357498391288,0.908198358432822,7.832022857220907,0.6933680747553301,1.0357719260127254,30,True,False,11.886471753308808,7,0.23333333333333334,107.89,3.637166666666667,1.0,0.4,6.196,14.673,0.908,0.0003574983912884022
fish_058,sham,clutch_B,5.0,6.4441412452805515,7.148390919301971,2.0578406031437124,1.8023697273125725,0.7943840229155517,0.8876433879803386,30,True,False,10.504956318009992,7,0.23333333333333334,105.33,3.6784999999999997,1.0,0.6,6.444,7.148,2.058,0.0003909193019708823
fish_058,sham,clutch_B,24.0,6.434955922839066,6.237346289865486,2.488952551422221,1.597316353044042,0.7688895808420911,0.9446103362593586,30,True,False,14.117508509511483,8,0.26666666666666666,102.74,3.925166666666667,1.0,0.4,6.435,6.237,2.489,0.00034628986548579377
fish_059,sham,clutch_B,-1.0,7.074292941329663,4.895252095984375,2.016617777810834,0.9115015513637323,0.8436507938202691,0.7881733822839453,30,True,False,13.253946256301475,12,0.4,100.08,3.2901,1.0,0.6,7.074,4.895,2.017,0.0002520959843756998
fish_059,sham,clutch_B,0.5,6.844439120637556,3.6461901481717782,2.045101440530959,0.5672970282526896,0.8746774283752298,0.6327576731446773,30,True,False,13.616192120879862,9,0.3,101.0,2.996,1.0,0.0,6.844,3.646,2.045,0.0001901481717783149
fish_059,sham,clutch_B,1.0,6.9571596867064365,3.085179553978555,2.0057082142386684,0.6296949554417075,0.7979857478079756,0.8237547148811026,30,True,False,7.176048777322682,8,0.26666666666666666,95.14,2.843333333333334,0.6,0.8,6.957,3.085,2.006,0.0001795539785551803
fish_059,sham,clutch_B,5.0,5.483028036007272,4.015924498890876,2.097919100664335,1.0161297784459578,0.7300780831002074,0.831038322018622,30,True,False,10.6279895153229,6,0.2,102.91,2.9266000000000005,1.0,0.0,5.483,4.016,2.098,-7.550110912379893e-05
fish_059,sham,clutch_B,24.0,5.4789744163825045,4.398792287111726,2.0725116178531837,1.342070085213352,0.6573331137987741,1.0040908912924196,30,True,False,16.73078494443639,8,0.26666666666666666,107.53,2.969666666666667,1.0,0.4,5.479,4.399,2.073,-0.0002077128882742585
fish_060,sham,clutch_B,-1.0,6.539499376515597,3.7433204215597744,2.388054168359487,1.221307967032715,0.6148890689760624,1.2711674417023848,30,True,False,13.299800265667967,11,0.36666666666666664,100.67,3.3175666666666666,1.0,0.2,6.539,3.743,2.388,0.0003204215597745197
fish_060,sham,clutch_B,0.5,7.883887507659738,3.353571876599116,2.0553412972012026,0.560138857921885,0.8563752733523234,0.774190298115901,30,True,False,13.086981887720388,12,0.4,107.05,3.074433333333333,0.6,0.8,7.884,3.354,2.055,-0.00042812340088405065
fish_060,sham,clutch_B,1.0,6.912853827202549,3.4284094138691823,2.2101005679905676,0.920689781588075,0.6983363041665398,1.0948132180724144,30,True,False,19.260801306936894,7,0.23333333333333334,98.95,3.1207666666666665,1.0,0.4,6.913,3.429,2.21,-0.0005905861308175275
fish_060,sham,clutch_B,5.0,7.491946562099485,4.314237561136588,1.643933033808779,1.0743875203716615,0.7408392218390234,1.1205162423114672,30,True,False,13.942075605053633,10,0.3333333333333333,95.42,2.8498666666666663,1.0,0.2,7.492,4.314,1.644,0.00023756113658812694
fish_060,sham,clutch_B,24.0,6.527375493432667,5.6973548541967025,1.905486499553965,1.4110252332310986,0.7690920362186443,0.9473457089397744,30,True,False,8.1794626912846,3,0.1,113.78,3.2501,0.8,0.2,6.527,5.697,1.906,0.00035485419670244767
fish_061,low_impact,clutch_B,-1.0,8.816578812786346,5.558228868949325,2.268883434189801,1.0333939743414982,0.8532698742219671,0.9651454002691803,30,True,False,8.639596518690489,6,0.2,107.44,4.045633333333333,1.0,0.2,8.817,5.558,2.269,0.00022886894932483415
fish_061,low_impact,clutch_B,0.5,10.12233974091862,7.732300315454485,2.0268393985833746,1.3725125133268912,0.8939959278011484,0.9467816287479219,30,True,False,8.386149834601154,4,0.13333333333333333,87.3,4.750699999999999,1.0,0.6,10.122,7.732,2.027,0.0003003154544849451
fish_061,low_impact,clutch_B,1.0,9.857082574563021,5.634622488212235,2.4804046418096264,1.0481676157674058,0.854239419845569,1.0768918025314587,30,True,False,13.844846910600241,11,0.36666666666666664,101.39,4.491066666666667,1.0,0.8,9.857,5.635,2.48,-0.0003775117877644618
fish_061,low_impact,clutch_B,5.0,8.161798371563412,7.643800905130128,1.89614304919219,1.58018760813911,0.8600116985812045,0.8941579850429267,30,True,False,10.35794537978753,8,0.26666666666666666,93.48,4.0709,1.0,0.4,8.162,7.644,1.896,-0.00019909486987224057
fish_061,low_impact,clutch_B,24.0,7.541992287752079,6.006208635856804,2.2238227530111203,1.1799326379430446,0.8460042497665204,0.8579477285235341,30,True,False,13.174202020018058,6,0.2,102.49,3.8518666666666665,1.0,0.4,7.542,6.006,2.224,0.00020863585680341856
fish_062,low_impact,clutch_B,-1.0,5.549342632952077,7.068532654901256,1.942925568205938,2.245883063666756,0.7065024190022648,0.9677419711439235,30,True,False,10.151097170069717,5,0.16666666666666666,109.26,3.3249999999999997,1.0,0.2,5.549,7.069,1.943,-0.0004673450987437988
fish_062,low_impact,clutch_B,0.5,7.806709250477568,8.88541538188689,2.3630973385855,2.3702259823005036,0.8138174731132815,1.013748125531471,30,True,False,7.713993550719304,9,0.3,96.43,4.7243,1.0,0.6,7.807,8.885,2.363,0.0004153818868903869
fish_062,low_impact,clutch_B,1.0,5.829292017258376,7.059829220322457,2.161590928257288,2.18488828609012,0.7170558580154421,0.9906710195348439,30,True,False,13.777051726679483,10,0.3333333333333333,95.2,3.611833333333333,1.0,0.6,5.829,7.06,2.162,-0.00017077967754275392
fish_062,low_impact,clutch_B,5.0,5.184105377166657,8.036677448841093,2.1229417815341924,2.415385989962787,0.7540756004427671,0.8047137616052401,30,True,False,11.298159275579428,8,0.26666666666666666,91.16,3.564566666666667,1.0,0.6,5.184,8.037,2.123,-0.00032255115890755803
fish_062,low_impact,clutch_B,24.0,5.1946643167510995,10.438212469748859,1.527771612073601,4.749965604856495,0.649302158703212,1.0246643270408986,30,True,False,13.55120003285169,4,0.13333333333333333,106.61,3.316133333333334,0.8,0.8,5.195,10.438,1.528,0.00021246974885791303
fish_063,low_impact,clutch_B,-1.0,7.515059490922036,5.588476716874215,2.1091864136569067,1.280123600505911,0.7935752099620788,1.012565484538306,30,True,False,12.690072316309088,7,0.23333333333333334,94.57,3.6309666666666662,1.0,0.4,7.515,5.588,2.109,0.00047671687421502185
fish_063,low_impact,clutch_B,0.5,7.951877630420529,6.13133044892707,2.9248906430536628,1.6918330398576216,0.7387642781512923,1.2637445222660206,30,True,False,15.793991778859759,8,0.26666666666666666,95.33,4.672999999999999,0.8,0.6,7.952,6.131,2.925,0.000330448927069682
fish_063,low_impact,clutch_B,1.0,8.617363969706542,11.075359802143613,0.6671638778088185,2.478669881882787,0.8927104718547741,0.79598502539461,30,True,False,9.217773274041003,2,0.06666666666666667,97.95,3.7726333333333337,1.0,0.0,8.617,11.075,0.667,0.0003598021436133081
fish_063,low_impact,clutch_B,5.0,5.654080047648263,10.288904077397694,1.7632787782582313,3.5055742354633646,0.764036724207097,0.8446346143066134,30,True,False,13.689204435890517,5,0.16666666666666666,96.41,3.687966666666666,1.0,0.2,5.654,10.289,1.763,-9.592260230562033e-05
fish_063,low_impact,clutch_B,24.0,6.367210380299332,8.05243938201271,1.8264617840509767,2.1889543209067583,0.7897482995930503,0.8930109983580418,30,True,False,13.819964143972758,7,0.23333333333333334,109.48,3.6000333333333336,1.0,0.4,6.367,8.052,1.826,0.0004393820127095438
fish_064,low_impact,clutch_B,-1.0,6.511538218032116,5.2150942228572355,1.9197478121214375,1.0335076758150634,0.8312394067142784,0.7672399371427432,30,True,False,12.38571479216902,6,0.2,104.79,3.1597333333333335,1.0,0.0,6.512,5.215,1.92,9.422285723559298e-05
fish_064,low_impact,clutch_B,0.5,8.69954608108829,7.552289904990751,2.0740879814151367,1.5677305757400697,0.8575064752767063,0.962582568089738,30,True,False,10.978035445575443,4,0.13333333333333333,92.07,4.3683,1.0,0.2,8.7,7.552,2.074,0.0002899049907512108
fish_064,low_impact,clutch_B,1.0,8.48724201848886,7.856684804705238,1.420816350829573,2.044087279436766,0.7997035037706863,1.1541712639737687,30,True,False,13.938504139683479,10,0.3333333333333333,89.27,3.7359999999999998,1.0,0.0,8.487,7.857,1.421,-0.000315195294762205
fish_064,low_impact,clutch_B,5.0,6.52857003733705,5.700273846468883,1.8778622975202102,1.3988680345350353,0.7723917285705922,0.9387769170025689,30,True,False,10.572126788290529,7,0.23333333333333334,104.6,3.2233333333333336,1.0,0.4,6.529,5.7,1.878,0.0002738464688825104
fish_064,low_impact,clutch_B,24.0,9.67636490085797,3.758796526641689,1.822607172488464,0.5451179578458426,0.8899760789759343,0.8363977445221031,30,True,False,10.381769632624344,3,0.1,103.75,3.202933333333333,1.0,0.0,9.676,3.759,1.823,-0.000203473358310724
fish_065,low_impact,clutch_B,-1.0,6.964195617680097,5.327532640907573,1.7654306048980826,1.1892102605145796,0.797177947653547,0.9216153927437238,30,True,False,12.057830609784178,10,0.3333333333333333,107.57,3.1169999999999995,1.0,0.6,6.964,5.327,1.765,0.0005326409075729899
fish_065,low_impact,clutch_B,0.5,8.265757443367832,10.162133301629366,0.8733016022065136,3.0427443596862953,0.8047844518093885,1.0956606633568506,30,True,False,10.659399880771746,3,0.1,95.94,3.6597,1.0,0.0,8.266,10.162,0.873,0.00013330162936497914
fish_065,low_impact,clutch_B,1.0,7.960049595697689,5.213719161611943,1.8719645445365471,0.9979073180168717,0.8407564531318478,0.9058761576228274,30,True,False,10.645206986807521,8,0.26666666666666666,98.47,3.3874333333333335,1.0,0.6,7.96,5.214,1.872,-0.00028083838805770256
fish_065,low_impact,clutch_B,5.0,5.86171522595748,3.839638490907585,2.434617877278089,0.7830281632515647,0.8043983396270918,0.7138086579023486,30,True,False,11.806585667078757,12,0.4,88.17,3.2864333333333327,0.8,0.6,5.862,3.84,2.435,-0.0003615090924147246
fish_065,low_impact,clutch_B,24.0,6.190264133465052,4.024212858718076,1.9291050013358366,1.144397982881347,0.6817874179934276,1.0546135464125925,30,True,False,14.52929278766469,6,0.2,93.0,2.866366666666666,1.0,0.0,6.19,4.024,1.929,0.00021285871807563694
fish_066,low_impact,clutch_B,-1.0,5.500798074683343,8.465853296633075,1.7608930215931649,3.0091673895929874,0.6992167079363845,0.9805975048527703,30,True,False,13.311504514694244,7,0.23333333333333334,94.46,3.3590999999999998,1.0,0.4,5.501,8.466,1.761,-0.0001467033669246831
fish_066,low_impact,clutch_B,0.5,7.893769823414312,11.100372243108277,2.2650350217127317,2.7456181050501653,0.8723518134595267,0.8042991733858126,30,True,False,10.1580149231945,7,0.23333333333333334,83.01,5.114633333333334,0.8,0.8,7.894,11.1,2.265,0.00037224310827710383
fish_066,low_impact,clutch_B,1.0,8.33185968420065,18.63221698091174,1.686270544415901e-18,5.869401073698042,0.9084680337649005,0.618772948998066,30,True,False,8.5719502927179,2,0.06666666666666667,96.55,4.2458,1.0,0.2,8.332,18.632,0.0,0.00021698091173760758
fish_066,low_impact,clutch_B,5.0,4.622535937696016,10.025391463729468,2.108944170473549,4.9273159538310045,0.6003810367539524,1.0162796815291837,30,True,False,13.91264112778124,8,0.26666666666666666,90.83,3.6506,1.0,0.6,4.623,10.025,2.109,0.00039146372946774477
fish_066,low_impact,clutch_B,24.0,6.992103761755202,9.96172685002992,1.469402647138932,2.793820523804175,0.8206210023927227,0.8814345538404662,30,True,False,8.52830526204524,4,0.13333333333333333,101.06,3.7895666666666665,1.0,0.6,6.992,9.962,1.469,-0.00027314997007898967
fish_067,low_impact,clutch_B,-1.0,7.610020193100867,5.027914964752216,1.9552513075397864,0.8138238655274582,0.8786173632879476,0.7353394512389675,30,True,False,8.280105339690577,8,0.26666666666666666,103.08,3.3581000000000003,0.6,0.8,7.61,5.028,1.955,-8.503524778369353e-05
fish_067,low_impact,clutch_B,0.5,8.118990385185354,8.432249222551839,2.0806078290701535,2.2894278210994075,0.7986282831526109,1.1081364711792083,30,True,False,12.546771653588715,2,0.06666666666666667,90.85,4.431666666666667,1.0,0.2,8.119,8.432,2.081,0.0002492225518384572
fish_067,low_impact,clutch_B,1.0,9.207766382052936,4.613369362995952,2.220631001856636,0.8293426791635791,0.8492373195766052,0.9935625947192085,30,True,False,13.684930613753265,10,0.3333333333333333,90.19,3.7932333333333332,1.0,0.6,9.208,4.613,2.221,0.00036936299595158317
fish_067,low_impact,clutch_B,5.0,6.395718604595264,3.2547008482191444,2.3155297245694584,0.7328874741267205,0.7656035909793767,0.8429082812456351,30,True,False,15.506078975933677,8,0.26666666666666666,95.51,3.1213666666666664,1.0,0.2,6.396,3.255,2.316,-0.0002991517808554889
fish_067,low_impact,clutch_B,24.0,8.132734593659556,5.757125268282204,1.3826704621724275,1.0446657216122233,0.8620433742837655,0.8629349326171667,30,True,False,8.157588502254901,8,0.26666666666666666,98.06,3.073566666666667,1.0,0.4,8.133,5.757,1.383,0.00012526828220416064
fish_068,low_impact,clutch_B,-1.0,7.621973014790561,10.76391202608509,1.0944991257237275,3.055444294273923,0.8323962934118283,0.9146842385285688,30,True,False,11.933631181721486,5,0.16666666666666666,106.41,3.7818333333333336,0.6,0.2,7.622,10.764,1.095,-8.79739149102221e-05
fish_068,low_impact,clutch_B,0.5,9.457722855633648,12.351103919181512,1.7105084773930088,3.3401829487446593,0.8700927659959747,0.9564152522280298,30,True,False,11.450938746919286,7,0.23333333333333334,100.53,5.4068000000000005,1.0,0.4,9.458,12.351,1.711,0.00010391918151064772
fish_068,low_impact,clutch_B,1.0,8.25799076175007,9.165572141494488,2.023391074852295,2.2294752273686624,0.8452356905482059,0.9581291390054654,30,True,False,8.42995542978163,7,0.23333333333333334,96.13,4.585600000000001,1.0,0.8,8.258,9.166,2.023,-0.00042785850551219085
fish_068,low_impact,clutch_B,5.0,7.12074209858258,8.934969951928412,1.6785066835768674,2.6311963856328817,0.7831276711670987,1.0171429723340777,30,True,False,11.356055013855466,8,0.26666666666666666,98.31,3.8421333333333325,1.0,0.6,7.121,8.935,1.678,-3.0048071588240077e-05
fish_068,low_impact,clutch_B,24.0,6.702007349263775,8.533301660618116,2.244202573825381,2.857743514212651,0.7255037154960869,1.1203356568007863,30,True,False,10.731010648320506,7,0.23333333333333334,111.55,4.204366666666666,1.0,0.6,6.702,8.533,2.244,0.0003016606181169834
fish_069,low_impact,clutch_B,-1.0,5.470631692907625,9.999312160199665,1.7874962704199593,4.329072927704833,0.6586394602480192,1.061560027955871,30,True,False,11.932969822131572,6,0.2,95.42,3.6082333333333336,0.8,0.4,5.471,9.999,1.788,0.00031216019966429087
fish_069,low_impact,clutch_B,0.5,8.041215796035752,7.515735336129615,2.032691363940119,1.6134666957088777,0.8484599354773574,0.9222651803227768,30,True,False,9.62818160124079,5,0.16666666666666666,99.99,4.144466666666667,1.0,0.4,8.041,7.516,2.033,-0.0002646638703849291
fish_069,low_impact,clutch_B,1.0,6.593339961662926,6.089347026004982,2.3715225987933737,1.6101947499304001,0.7539010931757348,1.0059955328300205,30,True,False,12.797252827117505,6,0.2,101.6,3.8121999999999994,1.0,0.8,6.593,6.089,2.372,0.0003470260049818208
fish_069,low_impact,clutch_B,5.0,5.563825381135371,6.619629581403946,2.121452249347538,2.082492643120716,0.6983229863569849,0.9847001261428592,30,True,False,15.634528107313903,4,0.13333333333333333,94.89,3.4299666666666666,0.8,0.4,5.564,6.62,2.121,-0.00037041859605402294
fish_069,low_impact,clutch_B,24.0,5.608288746652765,4.427774885439229,2.4800273727837805,1.1771557490122844,0.7169356433076197,0.8955883971031436,30,True,False,21.080071543623266,8,0.26666666666666666,103.72,3.4036999999999997,0.8,0.4,5.608,4.428,2.48,-0.00022511456077101144
fish_070,low_impact,clutch_B,-1.0,7.928456075638582,6.551007514193526,1.7557405590685382,1.3090896648182806,0.8504434070817866,0.8944652899170144,30,True,False,12.557416310106353,6,0.2,102.41,3.6033999999999997,1.0,0.2,7.928,6.551,1.756,7.514193526070301e-06
fish_070,low_impact,clutch_B,0.5,10.145402410835542,8.048381811387788,1.9145950844562007,1.438978033421266,0.8966763354769292,0.9361200430961848,30,True,False,7.589121145963101,5,0.16666666666666666,97.05,4.739366666666667,1.0,0.4,10.145,8.048,1.915,0.0003818113877880336
fish_070,low_impact,clutch_B,1.0,9.019093619431468,12.991963356568828,0.9005963596951998,3.930173014974125,0.8526925600108849,0.9710318032780799,30,True,False,12.238448860044254,8,0.26666666666666666,87.56,4.555533333333333,1.0,0.4,9.019,12.992,0.901,-3.664343117293356e-05
fish_070,low_impact,clutch_B,5.0,8.381657712710664,9.559840117410463,1.0797448480492873,1.8536497149430256,0.9006647723602063,0.7529167137376637,30,True,False,8.66503100434167,8,0.26666666666666666,103.45,3.7708000000000004,1.0,0.2,8.382,9.56,1.08,-0.00015988258953747447
fish_070,low_impact,clutch_B,24.0,6.925826310933337,6.472220146324794,2.4502980683538,1.2917915912309947,0.8494587462279658,0.7835134777863313,30,True,False,8.898798358863331,5,0.16666666666666666,96.76,4.047233333333334,1.0,0.2,6.926,6.472,2.45,0.0002201463247937241
fish_071,low_impact,clutch_B,-1.0,5.548071331061151,7.018794079489606,2.262334736572569,2.2792506094078453,0.6959810723806427,0.9916874425678442,30,True,False,10.86961881203037,6,0.2,98.56,3.6356333333333337,1.0,0.6,5.548,7.019,2.262,-0.000205920510394364
fish_071,low_impact,clutch_B,0.5,9.426315145139556,16.780164552461738,0.4159937172513437,6.081499892805218,0.8601425227485827,0.9168862025369098,30,True,False,10.163754063515743,3,0.1,91.16,4.9384,1.0,0.6,9.426,16.78,0.416,0.0001645524617366334
fish_071,low_impact,clutch_B,1.0,7.768320212062914,18.018518683974538,0.16252987563290786,10.66032459604661,0.7231651656338007,1.1303329713553174,30,True,False,11.815498493617078,9,0.3,89.58,4.0515,1.0,0.8,7.768,18.018,0.163,0.0005186839745370264
fish_071,low_impact,clutch_B,5.0,7.172533518645858,16.88114431655792,3.33416794757092e-24,5.001384709981283,0.9052453296168527,0.566218326978792,30,True,False,8.36713200707826,2,0.06666666666666667,91.88,3.441900000000001,1.0,0.0,7.173,16.881,0.0,0.00014431655791824483
fish_071,low_impact,clutch_B,24.0,5.156282081593649,8.975359813733485,2.407342303735674,3.9759426200752874,0.6160627817145684,1.104718826667516,30,True,False,11.017949399368396,6,0.2,98.48,3.9799,1.0,0.6,5.156,8.975,2.407,0.0003598137334854812
fish_072,low_impact,clutch_B,-1.0,5.357625660346337,5.115215834157413,2.0183052689659364,1.6384222666443857,0.6510158397890686,1.022637978109754,30,True,False,11.327234680099394,8,0.26666666666666666,98.4,3.0211666666666663,1.0,0.8,5.358,5.115,2.018,0.00021583415741321943
fish_072,low_impact,clutch_B,0.5,7.099703524164304,12.40378499951809,1.3000387920510588,4.774386155181202,0.7689371567552246,1.0177256254602358,30,True,False,6.855236844774198,7,0.23333333333333334,91.68,4.083333333333333,1.0,0.6,7.1,12.404,1.3,-0.0002150004819103657
fish_072,low_impact,clutch_B,1.0,5.972186800248593,6.1856740772682,2.298057045819344,1.855337231503377,0.706710896452472,1.029212917413891,30,True,False,10.338173333374936,9,0.3,92.23,3.621233333333334,1.0,0.6,5.972,6.186,2.298,-0.0003259227317995439
fish_072,low_impact,clutch_B,5.0,4.3467741456378,5.270760490042776,2.0475659847628442,2.1495331225955847,0.5392066180904034,1.0525253256887974,30,True,False,15.151362541343081,12,0.4,107.15,2.883166666666667,1.0,0.4,4.347,5.271,2.048,-0.0002395099572236603
fish_072,low_impact,clutch_B,24.0,5.6037192657772845,6.043295693901633,2.1176526630763894,1.8519343559139287,0.6940061535156516,0.9928146610331826,30,True,False,16.66151890057731,13,0.43333333333333335,102.75,3.3339000000000003,1.0,0.6,5.604,6.043,2.118,0.0002956939016325322
fish_073,low_impact,clutch_B,-1.0,7.52913478540115,3.4408272697330964,2.280058961683,0.6920310115737645,0.8050605589502006,0.8934729972541002,30,True,False,11.66845408883293,9,0.3,106.06,3.2750000000000004,1.0,0.2,7.529,3.441,2.28,-0.0001727302669034536
fish_073,low_impact,clutch_B,0.5,6.34629695481914,8.409157981753099,2.701053181988288,2.683776785523157,0.7410156762320252,1.0198115945639383,30,True,False,12.158540849462627,3,0.1,88.42,4.534566666666667,0.8,0.6,6.346,8.409,2.701,0.00015798175309811313
fish_073,low_impact,clutch_B,1.0,6.472400562356413,9.685376041611079,1.6397130417063974,3.113383898074552,0.7703980935465005,0.954867022639467,30,True,False,9.109199221850918,8,0.26666666666666666,87.11,3.7396999999999996,1.0,0.6,6.472,9.685,1.64,0.0003760416110782927
fish_073,low_impact,clutch_B,5.0,5.427798321501156,5.8111163623250235,2.0047456823334198,1.5046407422965011,0.755423674968532,0.8201456802178948,30,True,False,12.12125831654707,5,0.16666666666666666,87.91,3.142633333333334,1.0,0.2,5.428,5.811,2.005,0.0001163623250235446
fish_073,low_impact,clutch_B,24.0,5.817300410446305,5.551809996073942,1.8804784580397618,1.698166780903729,0.6822278599562912,1.0479020343899716,30,True,False,14.604476670544013,12,0.4,106.55,3.0516000000000005,1.0,0.2,5.817,5.552,1.88,-0.00019000392605761363
fish_074,low_impact,clutch_B,-1.0,6.989781569542304,10.60745772380324,1.844419310199929,3.3593982244726845,0.796281748016407,0.9471906034204532,30,True,False,10.360696327474562,2,0.06666666666666667,103.06,4.2810999999999995,1.0,0.2,6.99,10.607,1.844,0.0004577238032403841
fish_074,low_impact,clutch_B,0.5,10.579464862539691,23.46568804248396,3.944829359051835e-20,11.620943701235802,0.8630576879976308,0.9054698985103107,30,True,False,12.159335433378374,3,0.1,90.36,6.079233333333335,1.0,0.4,10.579,23.466,0.0,-0.0003119575160397403
fish_074,low_impact,clutch_B,1.0,8.990432734185024,25.801919183037842,5.103080795332189e-18,16.665397500823612,0.8156138052551369,0.8754064408154126,30,True,False,12.590403225707181,3,0.1,95.38,5.403933333333332,1.0,0.6,8.99,25.802,0.0,-8.081696215711531e-05
fish_074,low_impact,clutch_B,5.0,7.705439821818554,24.035729241467077,1.9605954985356805e-16,15.865184214207497,0.7831496315411017,0.8495289851359956,30,True,False,8.95203375279607,2,0.06666666666666667,99.89,4.4877,1.0,0.4,7.705,24.036,0.0,-0.0002707585329240203
fish_074,low_impact,clutch_B,24.0,6.488827359714884,19.78963644101729,1.3225150043553549,12.474307193039559,0.7310583471051207,0.8919529520142374,30,True,False,11.001468141698506,3,0.1,105.19,4.748033333333335,1.0,0.4,6.489,19.789,1.323,0.0006364410172885471
fish_075,low_impact,clutch_B,-1.0,6.303472017777624,4.383155876231721,2.3094782283968147,1.012457931874006,0.7697013008114375,0.8745768205881611,30,True,False,15.32754308421723,9,0.3,101.78,3.3384000000000005,1.0,0.2,6.303,4.383,2.309,0.00015587623172130805
fish_075,low_impact,clutch_B,0.5,7.639425621674554,6.858766823096713,2.0332343295591198,1.350480985109339,0.8590880112001216,0.8354408635784979,30,True,False,11.967085525917469,8,0.26666666666666666,93.04,3.8865666666666665,1.0,0.6,7.639,6.859,2.033,-0.0002331769032872799
fish_075,low_impact,clutch_B,1.0,7.564555558194981,9.404086581235736,0.9257002316031065,2.4385578610756244,0.8323256335708269,0.9193297492060574,30,True,False,11.653260798920877,8,0.26666666666666666,89.55,3.322366666666667,1.0,0.2,7.565,9.404,0.926,8.658123573646037e-05
fish_075,low_impact,clutch_B,5.0,6.994809961865318,4.02863537755501,1.7611026277876154,0.9440798092507395,0.7593955952735256,0.9820678167928597,30,True,False,14.163764122884817,9,0.3,87.83,2.8211999999999997,0.8,0.8,6.995,4.029,1.761,-0.00036462244499002594
fish_075,low_impact,clutch_B,24.0,4.535578583433964,4.037464253875966,2.474357124255128,1.0626179603619232,0.714602166353296,0.7152674219954656,30,True,False,10.353761963557528,15,0.5,101.47,3.1630666666666665,0.8,0.6,4.536,4.037,2.474,0.0004642538759664916
fish_076,high_impact,clutch_B,-1.0,6.241866172281632,8.05348799818224,2.106084308336537,2.606924359705627,0.7259793592310009,1.0423814134107947,30,True,False,11.615714654292523,5,0.16666666666666666,104.67,3.8449333333333326,1.0,0.2,6.242,8.053,2.106,0.0004879981822387691
fish_076,high_impact,clutch_B,1.0,6.043157373760805,15.28984789991144,3.645304826399352e-20,7.69477614129619,0.7435135931776675,0.9098188972811843,30,True,False,11.729288948161086,5,0.16666666666666666,64.13,2.707866666666667,0.8,0.2,6.043,15.29,0.0,-0.00015210008855959245
fish_076,high_impact,clutch_B,5.0,4.396384327693437,5.554008437304245,1.333488413985168,1.6622992503910425,0.69163391730101,0.7748558084499938,30,True,False,15.16635514332284,13,0.43333333333333335,75.39,2.2188666666666674,0.8,0.4,4.396,5.554,1.333,8.437304244601762e-06
fish_076,high_impact,clutch_B,24.0,5.306836618711474,5.102398218180188,1.9022913107695911,1.288725802353324,0.7497523531580434,0.7989663891875826,30,True,False,8.057188864243424,10,0.3333333333333333,77.15,2.893433333333334,0.6,0.2,5.307,5.102,1.902,0.00039821818018737076
fish_077,high_impact,clutch_B,-1.0,7.108897104510675,5.1697548364434125,2.5117595504437116,1.1771873117319072,0.7878054018798908,0.9634698998669321,30,True,False,10.501818050308337,9,0.3,99.21,3.855033333333333,1.0,0.6,7.109,5.17,2.512,-0.0002451635565874355
fish_077,high_impact,clutch_B,0.5,6.283749962106637,4.6788766391439065,0.9688007826680657,0.8650248987933473,0.8427369681911498,0.6969596548389765,30,True,False,11.936439455131898,14,0.4666666666666667,54.95,2.0555,1.0,0.2,6.284,4.679,0.969,-0.00012336085609376823
fish_077,high_impact,clutch_B,1.0,5.13875785269751,4.009273459947807,1.3331778921581694,1.1882556247444152,0.6633467503058009,0.9122155415662495,30,True,False,21.335073322298296,14,0.4666666666666667,56.21,2.1087,1.0,0.4,5.139,4.009,1.333,0.00027345994780691996
fish_077,high_impact,clutch_B,5.0,4.151780795645346,6.224834457473314,1.2740403856872726,2.613498136874915,0.552737436664012,0.999755183327665,30,True,False,12.747441927753165,15,0.5,77.59,2.199033333333333,0.8,0.8,4.152,6.225,1.274,-0.00016554252668576908
fish_077,high_impact,clutch_B,24.0,5.550719984752762,4.294550269990974,1.2254967433835058,1.0288600260061185,0.7551262114746427,0.798589530247504,30,True,False,21.492850498173166,11,0.36666666666666664,79.65,2.1153666666666666,0.6,0.2,5.551,4.295,1.225,-0.00044973000902626126
fish_078,high_impact,clutch_B,-1.0,6.214774623259333,5.266443726019128,1.934774626728705,1.4122735599179579,0.7301014937840213,0.9896217880440238,30,True,False,18.11965208214358,8,0.26666666666666666,113.86,3.1286000000000005,1.0,0.4,6.215,5.266,1.935,0.00044372601912812115
fish_078,high_impact,clutch_B,0.5,5.180525910202449,0.4883987523559571,1.444494174605641,0.3530590385260723,0.4958439924747874,0.9407585782967547,30,True,False,-48.44366627189083,9,0.3,54.52,1.6427666666666665,0.4,0.4,5.178,0.5,1.443,-0.011601247644042911
fish_078,high_impact,clutch_B,1.0,3.2552400455369885,2.240819463983621,1.0418110044251068,0.9897013046940405,0.4559542271763223,0.7781207969931713,30,True,False,29.622053535668623,14,0.4666666666666667,53.81,1.3432333333333335,0.6,0.4,3.255,2.241,1.042,-0.0001805360163791292
fish_078,high_impact,clutch_B,5.0,3.985030912718727,1.9114526610877016,1.1724780209422765,0.8102199777496966,0.4800626571584127,0.8766573308668362,30,True,False,16.045313423191082,14,0.4666666666666667,79.25,1.4985666666666668,0.4,0.2,3.985,1.911,1.172,0.0004526610877015891
fish_078,high_impact,clutch_B,24.0,4.87121535472305,0.987232081717483,1.4184350553274798,0.4302715301645889,0.5220799086311421,0.8800799969300125,30,True,False,15.190693895023244,9,0.3,67.55,1.6734000000000002,0.4,0.0,4.871,0.987,1.418,0.00023208171748301254
fish_079,high_impact,clutch_B,-1.0,6.188957724543186,7.525706850417114,1.5812755942398546,1.8439287808154223,0.8114631884812722,0.8096336086902625,30,True,False,11.519710869543612,4,0.13333333333333333,92.79,3.208466666666667,0.8,0.2,6.189,7.526,1.581,-0.00029314958288573223
fish_079,high_impact,clutch_B,0.5,3.325190271090962,2.1745467555961326,1.408021689314098,0.9991930099811976,0.43686459802034117,0.8206534385217994,30,True,False,23.746137809624805,18,0.6,71.38,1.7087,0.6,0.4,3.325,2.175,1.408,-0.00045324440386718123
fish_079,high_impact,clutch_B,1.0,2.848148107747971,4.673260648583075,1.260270992226576,2.028361477679059,0.4928380299730508,0.7416706706888209,30,True,False,16.317824528864616,6,0.2,52.95,1.7523000000000002,0.4,0.4,2.848,4.673,1.26,0.0002606485830751737
fish_079,high_impact,clutch_B,5.0,4.016455768268304,2.9979866348898323,1.1389231064650485,1.208358105203594,0.502527242940143,0.9343080130367708,30,True,False,29.543549970594054,16,0.5333333333333333,72.91,1.610933333333333,0.8,0.0,4.016,2.998,1.139,-1.3365110167917749e-05
fish_079,high_impact,clutch_B,24.0,4.035159826096365,3.1161553995487337,1.649415940405518,1.3679996119763789,0.46084610365605483,1.0294263501666008,30,True,False,27.181138111256722,14,0.4666666666666667,86.11,2.139366666666667,0.8,0.4,4.035,3.116,1.649,0.0001553995487335591
fish_080,high_impact,clutch_B,-1.0,6.1267037065449435,4.583822985679855,2.480918884388786,1.0502077303369743,0.77570785317444,0.8427150116351078,30,True,False,13.426780539953294,6,0.2,92.83,3.521366666666667,1.0,0.6,6.127,4.584,2.481,-0.00017701432014494145
fish_080,high_impact,clutch_B,0.5,4.350473146554862,0.7860813337343239,1.3147239387292098,0.5418195755360238,0.34337320302665764,1.1097868470886216,30,True,False,14.11657161612229,18,0.6,58.46,1.5162,0.2,0.2,4.351,0.787,1.315,-0.0009186662656761602
fish_080,high_impact,clutch_B,1.0,3.5560353960598943,0.8244420858782106,1.4027438103104373,0.5792760132684527,0.3249767787246145,0.9493885176431882,30,True,False,10.878984842650555,14,0.4666666666666667,65.93,1.5714333333333335,0.4,0.2,3.556,0.824,1.403,0.0004420858782105963
fish_080,high_impact,clutch_B,5.0,4.687636199644754,1.1302413639967674,1.0560608800871327,0.4631234749973838,0.5341774674071164,0.8415421912456867,30,True,False,18.74874285679409,19,0.6333333333333333,73.88,1.3221666666666667,0.4,0.2,4.688,1.13,1.056,0.00024136399676755182
fish_080,high_impact,clutch_B,24.0,3.8286231046617454,1.8656188752946015,1.4005911515709217,0.7555820873001334,0.5036419432543456,0.7993405715903286,30,True,False,23.763185766629793,6,0.2,81.01,1.7081666666666668,0.4,0.0,3.829,1.866,1.401,-0.00038112470539863885
fish_081,high_impact,clutch_B,-1.0,8.039797207021325,3.70128968014106,2.1142314224972623,0.7064574729316537,0.8231057624210232,0.9132445833832669,30,True,False,11.945369423659201,3,0.1,108.09,3.245833333333333,0.8,0.0,8.04,3.702,2.114,-0.0007103198589399895
fish_081,high_impact,clutch_B,0.5,4.568163109907391,1.5901072148395727,1.0967735782586066,0.5014414941170829,0.6327340214028214,0.7087826264384649,30,True,False,15.154909799015227,15,0.5,56.95,1.4229666666666665,0.4,0.0,4.568,1.59,1.097,0.00010721483957265576
fish_081,high_impact,clutch_B,1.0,4.342413660475124,2.242923098132874,1.4860435470739037,0.8151097441735844,0.5531347309996794,0.8542831165018056,30,True,False,31.142273476694278,7,0.23333333333333334,60.3,1.8884333333333332,1.0,0.0,4.342,2.243,1.486,-7.690186712583369e-05
fish_081,high_impact,clutch_B,5.0,3.206275522698004,6.665864303246509,0.9884913479391403,3.928414119102323,0.39888908544449664,1.0604562788365977,30,True,False,18.736408669413816,12,0.4,66.49,1.7471666666666665,0.6,0.4,3.206,6.666,0.988,-0.0001356967534915654
fish_081,high_impact,clutch_B,24.0,4.2123772565809325,3.2391407574343267,1.148721165432077,1.0281249895278626,0.6216171442358054,0.7819543449786625,30,True,False,30.645459448726736,12,0.4,85.33,1.6773,0.4,0.0,4.212,3.239,1.149,0.00014075743432684362
fish_082,high_impact,clutch_B,-1.0,6.958563021026057,6.652694624477433,1.9214357286488866,1.568536444610349,0.8054047989188408,0.9213996593453443,30,True,False,8.817326260200542,9,0.3,105.82,3.5651333333333337,1.0,0.2,6.959,6.653,1.921,-0.00030537552256681977
fish_082,high_impact,clutch_B,0.5,5.58181023307224,4.066498557435195,1.384480313021186,1.2643410168879803,0.642611409465516,1.0402777804420686,30,True,False,14.167256137629948,17,0.5666666666666667,59.26,2.2373999999999996,0.6,0.4,5.582,4.066,1.384,0.0004985574351952238
fish_082,high_impact,clutch_B,1.0,3.903977217577707,5.063000681396689,1.3535044930327538,2.099828656318394,0.5252879404254187,0.9659248125259826,30,True,False,12.298750626478643,14,0.4666666666666667,69.16,2.0776333333333334,0.6,0.2,3.904,5.063,1.353,6.813966892948997e-07
fish_082,high_impact,clutch_B,5.0,3.502644931216542,7.103737455672579,1.0875860851052457,3.681488203943406,0.47617850410963547,0.9942721256021974,30,True,False,21.56476832923433,14,0.4666666666666667,69.44,1.9637,0.6,0.2,3.503,7.104,1.088,-0.00026254432742067735
fish_082,high_impact,clutch_B,24.0,4.34179912925616,6.537068386558033,1.186904925469269,2.206324273518594,0.6655297081709859,0.8278988347627966,30,True,False,9.673706589696867,4,0.13333333333333333,78.57,2.196833333333333,0.8,0.2,4.342,6.537,1.187,6.838655803331761e-05
fish_083,high_impact,clutch_B,-1.0,5.559155166617631,3.7664460587529804,1.9081531074345348,1.0154127355005171,0.700767676295492,0.8934298068130732,30,True,False,12.27672237487729,12,0.4,104.08,2.7025666666666677,0.8,0.6,5.559,3.766,1.908,0.0004460587529804272
fish_083,high_impact,clutch_B,0.5,3.7717568126052443,0.10000000000000017,1.4312357314041952,57.87308689372263,0.34944190463562275,0.9237964703136147,30,True,True,-87.53110453416814,9,0.3,60.92,1.556966666666667,0.4,0.4,3.733,0.5,1.413,-0.3999999999999998
fish_083,high_impact,clutch_B,1.0,4.036427506439421,0.6791707968281954,1.294437233777242,0.34711443978957474,0.5281359513295936,0.6963749223866614,30,True,False,53.660088941741265,23,0.7666666666666667,61.94,1.4690333333333332,0.6,0.2,4.036,0.679,1.294,0.00017079682819531872
fish_083,high_impact,clutch_B,5.0,1.7499744398419035,1.4149276735681124,1.2382569075108254,1.4517370591533287,0.1436669790275633,0.8515281465506398,30,True,False,26.507368270040075,19,0.6333333333333333,80.86,1.3533666666666666,0.4,0.4,1.75,1.415,1.238,-7.232643188759269e-05
fish_083,high_impact,clutch_B,24.0,2.7442575131194715,1.2375154601519933,1.2766998101591236,0.9582363978335439,0.23580964977914987,0.9627775854034565,30,True,False,94.73665203009705,11,0.36666666666666664,84.65,1.4417333333333333,0.4,0.4,2.744,1.237,1.277,0.0005154601519932189
fish_084,high_impact,clutch_B,-1.0,7.431317897214233,6.99589017795105,1.734905232878499,1.8155079330039186,0.7813620885956345,1.0628995947862288,30,True,False,10.756635364040186,6,0.2,111.5,3.569133333333334,0.6,0.2,7.431,6.996,1.735,-0.00010982204895082504
fish_084,high_impact,clutch_B,1.0,5.5191867669339745,2.063358765754986,1.0995438103447444,0.5964496065240876,0.6631357652745725,0.8452914966087837,30,True,False,10.588479693627253,12,0.4,61.22,1.5785333333333331,0.6,0.4,5.519,2.063,1.1,0.00035876575498594576
fish_084,high_impact,clutch_B,5.0,6.290750704968977,3.4303938177503532,0.9565076627057423,0.7280438876274432,0.7875413206361668,0.7874302595619556,30,True,False,7.879196053215884,12,0.4,70.22,1.7856333333333334,1.0,0.0,6.291,3.43,0.957,0.000393817750353076
fish_084,high_impact,clutch_B,24.0,5.38608206420864,3.046142156746551,1.5326040332466622,0.9171533432878237,0.6444954961129084,0.9386469826868477,30,True,False,21.128174258942305,14,0.4666666666666667,83.75,2.174133333333333,0.8,0.2,5.386,3.046,1.533,0.00014215674655115862
fish_085,high_impact,clutch_B,-1.0,6.18002365056728,5.071399380716322,1.7265092948461112,1.5831266511283018,0.6615797610747156,1.1507058521233156,30,True,False,16.673016582909113,7,0.23333333333333334,111.09,2.8745,0.8,0.2,6.18,5.071,1.727,0.000399380716322284
fish_085,high_impact,clutch_B,0.5,5.879748689090701,1.1140899195126115,1.4620516461961164,0.4165534672359529,0.5810614260316747,0.9578301826559878,30,True,False,19.917586272127988,17,0.5666666666666667,58.05,1.7928666666666666,0.6,0.2,5.88,1.114,1.462,8.991951261139164e-05
fish_085,high_impact,clutch_B,1.0,3.7426517884803436,0.7923624138241333,1.3411529336140091,0.3790343466348932,0.5186308012171488,0.6655934452390774,30,True,False,41.70291643549364,16,0.5333333333333333,62.2,1.5151666666666666,0.4,0.4,3.743,0.792,1.341,0.0003624138241332675
fish_085,high_impact,clutch_B,5.0,2.6648952235695313,4.825339832588825,0.8633313132334972,2.756910222316981,0.36270491917879877,0.91194366754901,30,True,False,13.68271945093624,6,0.2,74.08,1.3369666666666664,0.4,0.0,2.665,4.825,0.863,0.0003398325888248621
fish_085,high_impact,clutch_B,24.0,4.690529993675913,1.9351648056381165,1.4795898396504261,0.681925436316065,0.5715274719042429,0.8607408627917997,30,True,False,13.318660754496666,10,0.3333333333333333,78.77,1.867033333333333,0.8,0.0,4.691,1.935,1.48,0.00016480563811649418
fish_086,high_impact,clutch_B,-1.0,5.860135366598373,10.393970357680589,1.377889609176357,3.863259068366154,0.7339734791820116,0.9473495331088118,30,True,False,11.059157147864777,8,0.26666666666666666,101.77,3.388666666666667,0.8,0.6,5.86,10.394,1.378,-2.9642319411493645e-05
fish_086,high_impact,clutch_B,0.5,6.032062295886447,3.5321758409310275,1.3363517532331903,0.9834199853749529,0.6840885382026363,0.9942545912932604,30,True,False,19.29845023150241,9,0.3,49.52,2.1516666666666664,0.8,0.2,6.032,3.532,1.336,0.00017584093102751552
fish_086,high_impact,clutch_B,1.0,5.379680393790695,4.906402087870734,1.3309824846878848,1.3179492490750393,0.7218874354781231,0.864515929927782,30,True,False,23.766719040635515,18,0.6,56.59,2.3013666666666666,1.0,0.2,5.38,4.906,1.331,0.00040208787073403585
fish_086,high_impact,clutch_B,5.0,3.9348067570440652,6.264006950902631,1.1372149737644708,2.6375000486578264,0.5525351731441996,0.9485181024288337,30,True,False,17.722324813543082,15,0.5,76.67,2.0187333333333335,1.0,0.4,3.935,6.264,1.137,6.950902630364908e-06
fish_086,high_impact,clutch_B,24.0,5.945303817723211,5.4727608549840765,1.085860738939152,1.226749235730274,0.798455888230355,0.7867834406246013,30,True,False,10.553426908744255,6,0.2,77.38,2.2676000000000003,1.0,0.4,5.945,5.473,1.086,-0.0002391450159233699
fish_088,high_impact,clutch_B,-1.0,5.689728368421415,5.275494918791456,1.8353970541763525,1.6918236569450398,0.6543805273464378,1.0832415450665063,30,True,False,11.568282420249368,11,0.36666666666666664,108.69,2.9300333333333337,1.0,0.4,5.69,5.275,1.835,0.0004949187914560227
fish_088,high_impact,clutch_B,0.5,5.032302027045614,2.242910429126373,1.3140837939635495,0.6323920394600206,0.6728183747380423,0.7680853441578744,30,True,False,17.668771024278602,11,0.36666666666666664,60.36,1.7804,0.6,0.0,5.032,2.243,1.314,-8.957087362704286e-05
fish_088,high_impact,clutch_B,1.0,4.800880115280621,1.840584882455776,1.449961111809382,0.6986646829252181,0.5364666171435994,0.9358748884664061,30,True,False,24.21063175642694,12,0.4,74.01,1.8317333333333334,0.4,0.0,4.801,1.841,1.45,-0.0004151175442239641
fish_088,high_impact,clutch_B,5.0,3.7382219626329616,2.843939472535836,1.155221002980547,1.320437369833313,0.43128038565349247,0.9916248307628402,30,True,False,12.37810568214329,7,0.23333333333333334,76.36,1.5755333333333332,0.2,0.8,3.738,2.844,1.155,-6.052746416385091e-05
fish_088,high_impact,clutch_B,24.0,4.850938845719668,2.99797757058802,1.5217902039947904,0.9430284582090465,0.6238554950843254,0.880649510535173,30,True,False,16.55445353408827,7,0.23333333333333334,83.84,2.0918666666666668,0.8,0.2,4.851,2.998,1.522,-2.2429411980162683e-05
fish_089,high_impact,clutch_B,-1.0,7.165032242682635,5.455571781404837,3.15669234661185,1.3480095077977137,0.7649311735607088,1.0457522845435336,30,True,False,7.564242011054083,8,0.26666666666666666,100.3,4.5769,1.0,0.4,7.165,5.456,3.157,-0.0004282185951636208
fish_089,high_impact,clutch_B,0.5,6.115072005742531,10.238816764213306,0.781389208714085,3.179770007700409,0.794719995818714,0.8358410939834399,30,True,False,12.673815225578709,9,0.3,57.65,2.8550333333333335,0.6,0.2,6.115,10.239,0.781,-0.00018323578669487972
fish_089,high_impact,clutch_B,1.0,6.504083362076294,3.7961949274288203,1.9059654475202243,0.7924640587122064,0.7964777768369308,0.8099646695454562,30,True,False,10.118978920428257,13,0.43333333333333335,62.46,2.8418,0.8,0.4,6.504,3.796,1.906,0.000194927428820435
fish_089,high_impact,clutch_B,5.0,5.249944057323503,6.208068388203726,1.8246905627887398,1.7493011241796592,0.7324698537727082,0.8491006885618059,30,True,False,10.931377298684927,13,0.43333333333333335,74.77,2.9915666666666665,1.0,0.4,5.25,6.208,1.825,6.83882037257888e-05
fish_089,high_impact,clutch_B,24.0,4.587336333464623,10.948531166031875,1.4671295044820567,4.447327531471536,0.7130128345671631,0.7766493652872044,30,True,False,10.013624423945137,6,0.2,80.9,3.1058000000000003,0.6,0.4,4.587,10.949,1.467,-0.0004688339681244713
fish_090,high_impact,clutch_B,-1.0,8.064847192195607,10.25991347823717,1.3635494493274045,2.8524895714079666,0.828888405723731,0.9852672163351551,30,True,False,10.408848081247793,4,0.13333333333333333,111.1,4.1028,1.0,0.2,8.065,10.26,1.364,-8.65217628298609e-05
fish_090,high_impact,clutch_B,0.5,6.364109811378513,2.6289275399122234,1.3736045176803946,0.6438716654425948,0.7309761568602253,0.8759636391779533,30,True,False,16.09569186977344,7,0.23333333333333334,58.09,2.0440666666666667,0.8,0.0,6.364,2.629,1.374,-7.246008777661572e-05
fish_090,high_impact,clutch_B,1.0,5.332824810362193,3.377583529818922,1.4169344575986458,0.7467827499622355,0.773070062976529,0.693918076401936,30,True,False,13.360080652612192,10,0.3333333333333333,64.93,2.1105,0.8,0.0,5.333,3.378,1.417,-0.00041647018107804357
fish_090,high_impact,clutch_B,5.0,5.17534073053225,7.652140679262822,0.8220790159327495,2.3239980580123225,0.7402384446482464,0.8325102787826094,30,True,False,14.276372142890546,6,0.2,75.87,2.202366666666667,1.0,0.2,5.175,7.652,0.822,0.0001406792628220188
fish_090,high_impact,clutch_B,24.0,6.110384226617672,4.271657004755644,1.2735778370808453,1.073914788606465,0.7364964385485435,0.9224316330567949,30,True,False,8.689488473405783,11,0.36666666666666664,74.07,2.2485666666666666,1.0,0.0,6.11,4.272,1.274,-0.0003429952443561035
fish_091,sham,clutch_C,-1.0,6.250160227427447,7.75912453618407,2.0644679237669807,2.3419781543754308,0.745373826506416,0.9923588488610869,30,True,False,9.959330442321832,4,0.13333333333333333,106.56,3.7513333333333336,1.0,0.6,6.25,7.759,2.064,0.0001245361840700454
fish_091,sham,clutch_C,0.5,6.8818429708317606,5.824037820906914,1.8429747216565024,1.268321745097309,0.8138856623656695,0.8741593658212783,30,True,False,7.25221956153756,10,0.3333333333333333,97.74,3.2885333333333326,1.0,0.4,6.882,5.824,1.843,3.7820906913843544e-05
fish_091,sham,clutch_C,1.0,7.123088310856177,5.36608555375124,2.0903724974346987,0.9717430817446882,0.8570938379851326,0.7639207998818373,30,True,False,9.755893665602237,9,0.3,96.29,3.481666666666667,1.0,0.6,7.123,5.366,2.09,8.555375124075226e-05
fish_091,sham,clutch_C,5.0,6.792497877280898,9.462633618930443,1.3427643966728184,2.800203293421818,0.7934704891714425,0.9379747310490283,30,True,False,10.021424691644851,5,0.16666666666666666,103.06,3.505666666666667,1.0,0.4,6.792,9.463,1.343,-0.0003663810695559988
fish_091,sham,clutch_C,24.0,7.221081096410321,4.561691608238171,2.722813094959899,0.9471985613772121,0.8077698344193492,0.9002781364298059,30,True,False,12.180397964241301,12,0.4,92.95,3.943866666666666,1.0,0.8,7.221,4.562,2.723,-0.00030839176182961836
fish_092,sham,clutch_C,-1.0,6.741393564515259,4.1880031146256425,1.9619964151500875,1.0622700398633145,0.7317083127857673,1.0262213798860964,30,True,False,13.791643187730775,12,0.4,101.76,3.0191,1.0,0.6,6.741,4.188,1.962,3.114625642730573e-06
fish_092,sham,clutch_C,0.5,6.3533562070043805,2.041236572544594,1.7652093984113149,0.47435702684141134,0.7530304106978966,0.78002087656817,30,True,False,13.566201658838484,10,0.3333333333333333,101.8,2.3119999999999994,0.6,0.2,6.353,2.041,1.765,0.0002365725445940825
fish_092,sham,clutch_C,1.0,5.905713387297415,1.3199599304283582,2.1648836693031197,0.5125465201259632,0.5450114626125138,1.0626725828095511,30,True,False,26.27978172515716,12,0.4,97.5,2.535466666666666,1.0,0.2,5.906,1.32,2.165,-4.00695716418209e-05
fish_092,sham,clutch_C,5.0,7.0005022776848955,0.7109187199937365,1.7139404392427213,0.2624972289303813,0.6698006264038345,0.8998009767671976,30,True,False,15.52555051607331,14,0.4666666666666667,102.6,2.023,0.6,0.4,7.001,0.711,1.714,-8.128000626350662e-05
fish_092,sham,clutch_C,24.0,6.434276210390042,0.5146023184336299,2.400900268087608,0.28065161367676716,0.607116244444089,0.9333765157402313,30,True,False,83.64674676948061,13,0.43333333333333335,98.73,2.6512333333333333,0.6,0.8,6.434,0.515,2.401,-0.00039768156637010055
fish_093,sham,clutch_C,-1.0,5.798140782451542,9.001427079516318,2.105032592077537,2.451602251003185,0.8098851700955544,0.7623126570920671,30,True,False,9.478922071371638,6,0.2,114.75,3.8775666666666666,1.0,0.2,5.798,9.001,2.105,0.00042707951631903995
fish_093,sham,clutch_C,0.5,6.286821378845289,9.886120709314417,2.180877862840594,4.430411797876327,0.6394603778725785,1.2736490950654815,30,True,False,9.613778580361648,4,0.13333333333333333,90.75,4.2544,1.0,0.8,6.287,9.886,2.181,0.00012070931441776622
fish_093,sham,clutch_C,1.0,6.029812172246551,7.726340807092633,2.826983159964964,2.5519068939918603,0.7087820812268955,1.0498401668269903,30,True,False,13.0168823662434,12,0.4,98.67,4.4485,1.0,0.6,6.03,7.726,2.827,0.00034080709263317743
fish_093,sham,clutch_C,5.0,5.539705032451705,5.805828186011385,3.092855965611155,1.79666992227964,0.6836370652007443,1.0006258830652188,30,True,False,14.84622336690938,7,0.23333333333333334,95.38,4.253266666666667,1.0,0.6,5.54,5.806,3.093,-0.00017181398861509933
fish_093,sham,clutch_C,24.0,6.297410044979979,16.04292011795219,1.2237422437461933,8.649048199768062,0.7201751291172263,0.9610102451925286,30,True,False,10.186907463287577,5,0.16666666666666666,103.97,4.162033333333333,1.0,0.6,6.297,16.043,1.224,-7.988204781028685e-05
fish_094,sham,clutch_C,-1.0,9.403198739804477,9.347080814379746,1.2321314093549403,1.940934849848044,0.8848093839766902,0.9189986652410379,30,True,False,7.781798748392885,4,0.13333333333333333,100.57,4.196666666666667,1.0,0.8,9.403,9.347,1.232,8.081437974638561e-05
fish_094,sham,clutch_C,0.5,10.576637846612442,6.210602827611165,1.6330085060912987,1.2083985566195525,0.851721103483063,1.181056090654003,30,True,False,7.970253730861466,6,0.2,97.36,3.9846666666666666,1.0,0.2,10.577,6.211,1.633,-0.00039717238883518746
fish_094,sham,clutch_C,1.0,8.873135810638763,6.223163414264365,1.8008513300847637,1.0211403034150666,0.8899793499153793,0.8351208763922048,30,True,False,8.923652312963766,8,0.26666666666666666,99.61,3.7772666666666663,1.0,0.2,8.873,6.223,1.801,0.00016341426436472517
fish_094,sham,clutch_C,5.0,10.551458123812711,6.988817044113789,1.558272081921467,0.8937767709620588,0.9363142649827709,0.7440188779087779,30,True,False,7.8001901118492025,6,0.2,108.9,4.160333333333333,1.0,0.2,10.551,6.989,1.558,-0.0001829558862107561
fish_094,sham,clutch_C,24.0,10.647081961563574,5.18874438607746,2.1176953719635416,0.7213737962431674,0.9089244845347357,0.8806379066926345,30,True,False,10.319720780596537,10,0.3333333333333333,110.29,4.1361,1.0,0.4,10.647,5.189,2.118,-0.0002556139225404763
fish_095,sham,clutch_C,-1.0,6.769543783436267,6.907673025032508,1.97135456381383,1.5352883975430902,0.8280504663972363,0.8333939437280866,30,True,False,12.949338928446846,5,0.16666666666666666,94.76,3.623866666666667,1.0,0.4,6.77,6.908,1.971,-0.000326974967492788
fish_095,sham,clutch_C,0.5,7.373829825004919,9.233211648968732,0.8091418695099942,2.5586840555982615,0.8094069093556658,0.9698566520369296,30,True,False,8.953586546300224,7,0.23333333333333334,104.83,3.1108000000000002,1.0,0.6,7.374,9.233,0.809,0.00021164896873138161
fish_095,sham,clutch_C,1.0,7.205878796582656,5.19453345639597,1.848501701555696,1.2265432435034838,0.7758826850156879,1.01212169163837,30,True,False,17.203350337137184,17,0.5666666666666667,103.64,3.2158999999999995,0.8,0.6,7.206,5.195,1.848,-0.00046654360403053374
fish_095,sham,clutch_C,5.0,7.033749841779772,7.2642890173051375,1.2591023305908766,1.9585222080399576,0.7743519333545191,1.0288907970522032,30,True,False,8.940843790037299,13,0.43333333333333335,103.32,3.0528666666666666,1.0,0.6,7.034,7.264,1.259,0.00028901730513730683
fish_095,sham,clutch_C,24.0,6.901081186468925,4.761006077414794,2.1897159692279327,1.1286388848151458,0.7666344165092078,0.9806471626520861,30,True,False,11.583612836897643,7,0.23333333333333334,102.75,3.4017333333333335,1.0,0.4,6.901,4.761,2.19,6.077414793637104e-06
fish_096,sham,clutch_C,-1.0,4.960474489106253,8.972151258903512,1.9557045496903613,2.9371513454351867,0.7459941627560398,0.7855625857156436,30,True,False,12.19493738162973,7,0.23333333333333334,108.56,3.4681,1.0,0.4,4.96,8.972,1.956,0.00015125890351264104
fish_096,sham,clutch_C,0.5,7.554601110099531,13.644294840137,0.5968814794941586,6.610623198418976,0.709187199012787,1.2391974833419732,30,True,False,7.589166064767312,6,0.2,96.1,3.7649,1.0,0.6,7.555,13.644,0.597,0.0002948401370002074
fish_096,sham,clutch_C,1.0,6.8669244440319,5.828909109942143,2.659505523457426,1.368709396523542,0.7900732413313134,0.9403423293046904,30,True,False,13.491718295169576,5,0.16666666666666666,103.95,4.103,1.0,0.6,6.867,5.829,2.66,-9.089005785689608e-05
fish_096,sham,clutch_C,5.0,6.177279409134334,10.148307605879054,1.766033115504864,3.540592961623415,0.7519120384130116,0.9551009797131732,30,True,False,11.047649768630519,5,0.16666666666666666,99.95,3.846166666666667,1.0,0.4,6.177,10.148,1.766,0.000307605879054762
fish_096,sham,clutch_C,24.0,5.666889681477771,12.097444289928058,1.4538340071318876,6.08546010782589,0.6522629319731306,1.087078895856391,30,True,False,8.95926710387656,6,0.2,97.41,3.6353333333333335,1.0,0.2,5.667,12.097,1.454,0.000444289928058339
fish_097,sham,clutch_C,-1.0,6.5528107026041695,4.483127164255149,1.9174828024770076,1.1868528442062287,0.7196323164778182,1.0419197042005177,30,True,False,11.407625725875175,13,0.43333333333333335,106.98,3.0086333333333335,1.0,0.4,6.553,4.483,1.917,0.00012716425514902596
fish_097,sham,clutch_C,0.5,10.022107832244185,0.6740489302453521,2.0283902054677037,0.1937222570248403,0.7813648702956472,0.9671665770761331,30,True,False,13.198789345585755,21,0.7,102.33,2.4604666666666666,0.6,0.4,10.022,0.674,2.028,4.8930245352019064e-05
fish_097,sham,clutch_C,1.0,6.784426182240517,0.9924032874449692,1.908187231355383,0.34070608059045254,0.6369940421238347,0.9677300576774608,30,True,False,66.55425447276293,16,0.5333333333333333,103.21,2.2643666666666666,0.4,0.2,6.784,0.992,1.908,0.00040328744496920255
fish_097,sham,clutch_C,5.0,8.024384241210763,0.5619227437184084,2.3629709600053475,0.2106986041664031,0.7344137042293069,0.8726321278408041,30,True,False,61.57155904958659,8,0.26666666666666666,89.65,2.684733333333333,0.8,0.4,8.024,0.562,2.363,-7.725628159160891e-05
fish_097,sham,clutch_C,24.0,7.129580893623499,0.8307709700749661,1.844756616745466,0.3250792009309032,0.6065828556190866,1.064380283807575,30,True,False,9.565538536697323,21,0.7,91.21,2.1843,0.6,0.4,7.13,0.831,1.845,-0.00022902992503381903
fish_098,sham,clutch_C,-1.0,6.347312602428001,5.346800645571322,1.8776591854344793,1.4835249551766938,0.7182591542896901,1.0435398030114809,30,True,False,13.000340381670034,10,0.3333333333333333,100.91,3.113466666666667,1.0,0.4,6.347,5.347,1.878,-0.00019935442867868858
fish_098,sham,clutch_C,0.5,6.4233297538923635,1.9221042207786996,2.400359721480746,0.6233007068336788,0.6118671816032619,1.0826915286051855,30,True,False,81.11088774796131,16,0.5333333333333333,101.14,2.9281999999999995,1.0,0.4,6.423,1.922,2.4,0.00010422077869964852
fish_098,sham,clutch_C,1.0,7.620608966764084,3.362000075674867,1.9545847212908314,0.8042601618514109,0.7441104740484858,1.0721727786841082,30,True,False,7.97091093676341,7,0.23333333333333334,94.8,2.941766666666667,0.6,0.6,7.621,3.362,1.955,7.567486681736568e-08
fish_098,sham,clutch_C,5.0,6.985032197500195,2.9079577547031756,2.176677427130779,0.6952502234267747,0.7412006308765493,0.958306408614682,30,True,False,15.921033714860734,14,0.4666666666666667,105.45,2.9768000000000003,1.0,0.2,6.985,2.908,2.177,-4.2245296824283685e-05
fish_098,sham,clutch_C,24.0,6.695203566483794,6.20447735584823,1.36872066525538,1.548574547574388,0.7771866979965729,0.9593075861724962,30,True,False,9.697133909087801,6,0.2,93.32,2.8560666666666665,1.0,0.6,6.695,6.204,1.369,0.0004773558482300544
fish_099,sham,clutch_C,-1.0,8.25430049164658,10.899910149306676,1.1408075696911735,2.7718486927808232,0.8629966151632198,0.8781657041447947,30,True,False,8.773720650197118,3,0.1,90.07,4.0793333333333335,1.0,0.4,8.254,10.9,1.141,-8.985069332467788e-05
fish_099,sham,clutch_C,0.5,8.558315846619045,9.991593869408776,1.0206977786884341,2.434920657279308,0.8588217767920621,0.9353509328855942,30,True,False,12.186521574169166,5,0.16666666666666666,98.13,3.8673333333333333,1.0,0.2,8.558,9.992,1.021,-0.0004061305912248514
fish_099,sham,clutch_C,1.0,7.568389619359595,8.437132281684564,1.7942187517561639,1.9941965551276406,0.8396586078144554,0.8989520119523683,30,True,False,10.68656392171851,4,0.13333333333333333,101.25,3.9869,1.0,0.2,7.568,8.437,1.794,0.0001322816845643615
fish_099,sham,clutch_C,5.0,8.244846162232987,15.193766937246618,0.18230518528336007,5.668296989061054,0.830627927122243,0.9267443588104471,30,True,False,12.199817949014438,3,0.1,106.23,3.8979,1.0,0.4,8.245,15.194,0.182,-0.00023306275338264015
fish_099,sham,clutch_C,24.0,8.809907398461808,10.084071025744052,1.0287730925935163,2.668707317115503,0.8392915698534723,1.0383086218036957,30,True,False,11.592956359988312,4,0.13333333333333333,90.37,3.980566666666667,1.0,0.4,8.81,10.084,1.029,7.10257440523776e-05
fish_100,sham,clutch_C,-1.0,7.340258872739181,8.126528475305198,1.5091791499999747,2.161577294962274,0.798511223558767,1.0023198847603212,30,True,False,8.763436897707667,9,0.3,97.58,3.5696999999999997,1.0,0.0,7.34,8.127,1.509,-0.00047152469480238324
fish_100,sham,clutch_C,0.5,7.4490339405874915,7.603357600480585,2.1552375286897143,2.121089522616203,0.7703914317855036,1.1040793236370565,30,True,False,10.588626057908305,5,0.16666666666666666,106.85,4.131066666666666,1.0,0.4,7.449,7.603,2.155,0.00035760048058541827
fish_100,sham,clutch_C,1.0,7.260792385093884,10.265819305447504,1.6157668217147978,3.186257998552065,0.7954987510588021,0.9898131562491296,30,True,False,11.391188278689604,5,0.16666666666666666,105.89,4.083033333333334,1.0,0.4,7.261,10.266,1.616,-0.00018069455249580813
fish_100,sham,clutch_C,5.0,8.317670262626253,16.1653320790936,3.232825651160165e-16,5.778219015092721,0.8576484059380386,0.834114689823192,30,True,False,8.334800712775698,7,0.23333333333333334,97.67,3.8910666666666667,1.0,0.2,8.318,16.165,0.0,0.00033207909359944665
fish_100,sham,clutch_C,24.0,7.720345656056778,7.645186050697912,1.7197178241920195,2.005247015090866,0.7924060619464051,1.0730186848175045,30,True,False,11.283563172177171,5,0.16666666666666666,95.23,3.777166666666666,1.0,0.4,7.72,7.645,1.72,0.00018605069791277629
fish_101,sham,clutch_C,-1.0,7.221417221383783,7.038225774107767,2.0380652140013917,1.564091186831586,0.8305350936952715,0.8823490538374744,30,True,False,9.467839696064866,4,0.13333333333333333,99.12,3.8298666666666663,1.0,0.6,7.221,7.038,2.038,0.00022577410776669637
fish_101,sham,clutch_C,0.5,7.285430243539175,10.269459747434079,1.5013715031724642,3.2111003331519887,0.793156006730179,1.0002826682956067,30,True,False,6.8216978110246025,7,0.23333333333333334,97.55,3.977699999999999,1.0,0.4,7.285,10.269,1.501,0.0004597474340783947
fish_101,sham,clutch_C,1.0,8.293765217129202,5.974373750560783,2.2597441882379647,1.3201605392158384,0.8122179971982004,1.0626174151291197,30,True,False,8.516731789266382,9,0.3,100.39,4.041666666666666,1.0,0.6,8.294,5.974,2.26,0.00037375056078303714
fish_101,sham,clutch_C,5.0,6.934871143138397,7.183260361049343,2.0592496332811216,1.5892679665938205,0.8344642989305275,0.83648621686517,30,True,False,11.402601234122812,4,0.13333333333333333,103.87,3.8106999999999998,1.0,0.4,6.935,7.183,2.059,0.00026036104934323845
fish_101,sham,clutch_C,24.0,7.311158250155708,6.441388703877631,2.243014581278116,1.5410761115240668,0.7964034039534266,0.9929539090575535,30,True,False,9.179273663719416,7,0.23333333333333334,90.24,3.921733333333334,1.0,0.6,7.311,6.441,2.243,0.00038870387763090264
fish_102,sham,clutch_C,-1.0,9.058326272698025,3.7163853020931867,2.1804905145571785,0.8222502896725361,0.7760933428154257,1.1932099434425203,30,True,False,12.871974413586917,8,0.26666666666666666,98.41,3.459966666666667,0.8,0.2,9.058,3.717,2.18,-0.000614697906813344
fish_102,sham,clutch_C,0.5,8.838042667609244,2.0444128393045773,2.3118852314008027,0.4208594443648306,0.7952913644591877,0.9616015146017762,30,True,False,14.60707399040279,14,0.4666666666666667,102.63,3.0734333333333335,1.0,0.4,8.838,2.044,2.312,0.0004128393045772505
fish_102,sham,clutch_C,1.0,7.62461206839887,2.444752685673191,1.8799111404078583,0.407815029887335,0.8541602628616134,0.7030827955598463,30,True,False,15.897698609052933,8,0.26666666666666666,89.34,2.6369666666666665,0.8,0.8,7.625,2.445,1.88,-0.00024731432680891174
fish_102,sham,clutch_C,5.0,8.800563524675521,1.1037863485948998,1.9416423047003073,0.32103747352032697,0.6972246068528267,1.111178545614914,30,True,False,42.542184176265046,9,0.3,91.97,2.433966666666666,0.6,0.6,8.801,1.104,1.942,-0.00021365140510032354
fish_102,sham,clutch_C,24.0,7.52769029928857,1.6979018778968942,1.8376844590831192,0.44985629952347966,0.7065605232799845,1.0007441220923943,30,True,False,11.075173939717583,13,0.43333333333333335,111.7,2.4014333333333324,1.0,0.6,7.528,1.698,1.838,-9.812210310577996e-05
fish_103,sham,clutch_C,-1.0,6.2484429825750585,7.219481894580779,2.032218883027681,2.079967490313746,0.749199853570383,0.9793395208719969,30,True,False,10.88106478796048,11,0.36666666666666664,110.25,3.6172,1.0,0.6,6.248,7.22,2.032,-0.0005181054192204826
fish_103,sham,clutch_C,0.5,6.704494945024073,6.73676117549101,2.4158354959360624,2.018560828645121,0.7215174059677164,1.1231891303533492,30,True,False,14.807366900906244,8,0.26666666666666666,97.68,4.017033333333333,1.0,0.4,6.704,6.737,2.416,-0.00023882450899037622
fish_103,sham,clutch_C,1.0,7.641095861409112,4.855954355773591,2.458525953886183,0.9778410172544522,0.8212856428846893,0.9212104769994199,30,True,False,14.399053844731094,9,0.3,105.65,3.8242333333333325,1.0,0.8,7.641,4.856,2.459,-4.564422640918053e-05
fish_103,sham,clutch_C,5.0,6.6773131908765695,6.122071764677453,2.3973449777866653,1.765563934332922,0.7211290935238461,1.1095588631884812,30,True,False,12.334068785603318,4,0.13333333333333333,103.35,3.8633000000000006,1.0,0.4,6.677,6.122,2.397,7.17646774530678e-05
fish_103,sham,clutch_C,24.0,5.925485813388242,7.388456684363395,2.7877452892065393,1.8419054588665273,0.8031990706082495,0.7954452344526582,30,True,False,12.017638806379638,3,0.1,102.1,4.321166666666667,1.0,0.4,5.925,7.388,2.788,0.0004566843633950768
fish_104,sham,clutch_C,-1.0,7.257168525208178,3.784084924759776,2.0689769374026996,0.7889631257487261,0.7967493905822126,0.9023779348289748,30,True,False,7.5268571809930185,15,0.5,94.56,3.110266666666666,0.8,0.2,7.257,3.784,2.069,8.492475977606162e-05
fish_104,sham,clutch_C,0.5,5.412302212899999,4.803258795977767,2.2780051823988883,1.7511326790456305,0.5824168232927962,1.1821788192359894,30,True,False,16.387553283583543,7,0.23333333333333334,93.78,3.236033333333333,0.8,0.2,5.412,4.803,2.278,0.00025879597776690133
fish_104,sham,clutch_C,1.0,6.503006145828405,4.646078094829404,2.1087391932783115,1.1044735505877006,0.7636575917255434,0.9276922890627981,30,True,False,11.71157149697181,16,0.5333333333333333,102.94,3.2263666666666664,0.8,0.2,6.503,4.646,2.109,7.809482940412948e-05
fish_104,sham,clutch_C,5.0,5.327890519503328,7.481070862133163,1.61364842702596,2.3759998982865906,0.7180029847861578,0.9059907417251393,30,True,False,13.231826443638123,8,0.26666666666666666,97.75,3.0073000000000003,1.0,0.4,5.328,7.481,1.614,7.086213316309653e-05
fish_104,sham,clutch_C,24.0,7.908978911160514,4.184718078869898,2.221732391681786,0.5291339528739946,0.916469733637405,0.6001668842860547,30,True,False,10.170909509514262,4,0.13333333333333333,96.45,3.4610666666666665,1.0,0.6,7.909,4.185,2.222,-0.0002819211301012814
fish_105,sham,clutch_C,-1.0,5.401207698947402,6.068509914143826,2.149447853805666,1.7354743439010096,0.7231714774596525,0.8920719086355159,30,True,False,13.939235217952787,6,0.2,107.2,3.3260666666666667,1.0,0.6,5.401,6.069,2.149,-0.0004900858561738275
fish_105,sham,clutch_C,0.5,7.275909354898828,7.320368667443969,1.5815670628915044,1.3625771587828155,0.878849627663669,0.7323055443215855,30,True,False,6.837920452819819,5,0.16666666666666666,97.56,3.449466666666667,0.8,0.4,7.276,7.32,1.582,0.0003686674439684623
fish_105,sham,clutch_C,1.0,6.719677057092371,5.764115347192058,2.3024580101157213,1.3064617052124554,0.8003321974981502,0.8903695752848703,30,True,False,9.086783655390473,5,0.16666666666666666,102.04,3.7010666666666667,1.0,0.6,6.72,5.764,2.302,0.0001153471920574134
fish_105,sham,clutch_C,5.0,6.6944659185133375,6.222531167548394,1.7547318498194011,1.4876312070526239,0.7921143370542503,0.9180253415874065,30,True,False,11.112312598806488,6,0.2,105.77,3.2457333333333334,1.0,0.4,6.694,6.223,1.755,-0.00046883245160600495
fish_105,sham,clutch_C,24.0,5.974151666174717,12.776268742037383,1.0824943048120683,6.632332364799285,0.6569515387947259,1.1222308944491595,30,True,False,13.422458782849219,4,0.13333333333333333,88.6,3.4748666666666668,1.0,0.0,5.974,12.776,1.082,0.00026874203738280755
fish_106,low_impact,clutch_C,-1.0,6.746164305717627,15.633066213411128,0.8040326551282004,6.881399426044119,0.787015347153273,0.8661501115174813,30,True,False,12.613817528009472,5,0.16666666666666666,106.23,3.900533333333333,1.0,0.2,6.746,15.633,0.804,6.621341112911239e-05
fish_106,low_impact,clutch_C,0.5,8.60794616788176,18.210171415531978,1.156181002033236,9.31525711709621,0.7806977037183983,1.0686646118824017,30,True,False,9.2167356236574,6,0.2,92.61,5.4921,0.8,0.6,8.608,18.21,1.156,0.00017141553197674853
fish_106,low_impact,clutch_C,1.0,6.5699872425163495,9.426763945904518,2.710373771845492,3.3324152934029883,0.7281999036966149,1.086680843469754,30,True,False,16.213052875734007,6,0.2,91.35,4.796,1.0,0.8,6.57,9.427,2.71,-0.00023605409548110856
fish_106,low_impact,clutch_C,5.0,6.110512452143971,12.074178411589454,1.3981754190211915,5.274490038225933,0.7126490735396274,1.019762560541113,30,True,False,8.217106609869873,4,0.13333333333333333,95.81,3.7471333333333336,1.0,0.6,6.111,12.074,1.398,0.00017841158945408608
fish_106,low_impact,clutch_C,24.0,6.540401264483836,8.528927338169442,2.180553561612096,1.83800648976495,0.8644796909249868,0.7037648582526479,30,True,False,8.501892895988947,7,0.23333333333333334,95.59,4.092633333333334,1.0,0.4,6.54,8.529,2.181,-7.26618305577631e-05
fish_107,low_impact,clutch_C,-1.0,8.445173440036196,4.4743566238226204,2.150039622876392,0.7804933369960904,0.8552282137938888,0.8848041316505917,30,True,False,7.942185961306581,11,0.36666666666666664,89.14,3.553866666666666,1.0,0.4,8.445,4.474,2.15,0.00035662382262025005
fish_107,low_impact,clutch_C,0.5,9.00497224130085,12.443167951023584,1.395580350809487,3.180789924688366,0.8834781158208243,0.8546573945909418,30,True,False,11.333952345503558,4,0.13333333333333333,81.55,4.9338999999999995,1.0,0.4,9.005,12.443,1.396,0.00016795102358457825
fish_107,low_impact,clutch_C,1.0,7.4589058018534535,5.553723685948423,2.6118689650632656,1.1105329858097084,0.8340154374797143,0.8783121490356566,30,True,False,8.290708285497386,9,0.3,88.09,4.113933333333333,1.0,0.4,7.459,5.554,2.612,-0.0002763140515771312
fish_107,low_impact,clutch_C,5.0,6.59484019496383,6.155380120302651,1.918493024514424,1.7956206289203596,0.7173387064537032,1.106849518976775,30,True,False,12.807978042876163,4,0.13333333333333333,88.38,3.3733000000000004,1.0,0.0,6.595,6.155,1.918,0.00038012030265033303
fish_107,low_impact,clutch_C,24.0,6.948556575302783,6.929351945421994,2.1410482183513895,1.5527062661263074,0.8261292075736556,0.8613839566222999,30,True,False,9.814400185190769,7,0.23333333333333334,91.08,3.8419,1.0,0.4,6.949,6.929,2.141,0.00035194542199334933
fish_108,low_impact,clutch_C,-1.0,5.281199497990989,5.200924995819811,2.0867690726993464,1.4601683127822258,0.7101838180897657,0.8818577453411812,30,True,False,16.893350013264097,8,0.26666666666666666,101.34,3.090033333333334,0.8,0.6,5.281,5.201,2.087,-7.500418018846489e-05
fish_108,low_impact,clutch_C,0.5,7.066664247218462,4.4189543192754135,1.8925182304696506,0.7718423380095458,0.8542966536077287,0.7414045784573927,30,True,False,10.599729980451196,11,0.36666666666666664,85.06,3.0543333333333327,1.0,0.0,7.067,4.419,1.893,-4.5680724586105725e-05
fish_108,low_impact,clutch_C,1.0,6.11533620081951,2.8943560414425344,2.2045436633277835,0.7495484697439088,0.7093272922920071,0.907938327768889,30,True,False,8.98636405103352,15,0.5,90.56,2.9022999999999994,1.0,0.6,6.115,2.894,2.205,0.00035604144253431613
fish_108,low_impact,clutch_C,5.0,4.341350112866856,2.9499951687136745,1.8129512903472857,1.1634617587365905,0.5130528606885056,0.9852116962195931,30,True,False,16.70505987843627,5,0.16666666666666666,99.54,2.316266666666666,0.8,0.4,4.341,2.95,1.813,-4.831286325668316e-06
fish_108,low_impact,clutch_C,24.0,5.278111979743557,2.8180372812326886,1.8457564231181947,1.070063463019732,0.5312218585900217,1.1429541171275077,30,True,False,22.899941672876302,19,0.6333333333333333,99.53,2.4347000000000003,1.0,0.4,5.278,2.818,1.846,3.7281232688535226e-05
fish_109,low_impact,clutch_C,-1.0,4.687589556246719,5.778652564403554,2.6585602883385597,2.144065779246726,0.5997384005215467,1.0162132414421958,30,True,False,24.184535615487988,15,0.5,96.61,3.6364,0.8,0.2,4.688,5.778,2.659,0.0006525644035546563
fish_109,low_impact,clutch_C,0.5,6.620527001352289,8.898000837478325,2.6600610689795983,2.6169486045849037,0.7827066450125522,0.9470028414564633,30,True,False,10.61229857903742,8,0.26666666666666666,87.59,4.664833333333332,1.0,0.8,6.621,8.898,2.66,8.374783249109896e-07
fish_109,low_impact,clutch_C,1.0,8.29941498960382,16.197132817202213,1.8384498568394254e-18,8.24040849637611,0.7477966678630923,1.1818710699231967,30,True,False,13.564122667272734,4,0.13333333333333333,99.25,3.8907333333333343,1.0,0.0,8.299,16.197,0.0,0.00013281720221414162
fish_109,low_impact,clutch_C,5.0,6.076714800511283,5.216625833472612,2.278882045856269,1.1621039862695457,0.7958641307524621,0.8048299507491824,30,True,False,12.381594575276639,3,0.1,97.26,3.436366666666667,0.6,0.2,6.077,5.217,2.279,-0.0003741665273873096
fish_109,low_impact,clutch_C,24.0,6.042725605373539,7.59774444649669,1.71060424890247,2.6991168403080517,0.6739918966144085,1.140962108525109,30,True,False,11.97610709545577,10,0.3333333333333333,95.37,3.3124,1.0,0.8,6.043,7.598,1.711,-0.00025555350330996873
fish_110,low_impact,clutch_C,-1.0,7.463790035689156,11.161979255735067,1.0687558034364093,3.365442851317534,0.8225684204533799,0.9226217587915547,30,True,False,13.409022450314504,4,0.13333333333333333,94.94,3.7744999999999993,0.8,0.6,7.464,11.162,1.069,-2.0744264933370005e-05
fish_110,low_impact,clutch_C,0.5,8.807143666373545,10.156320602724561,2.538306189252359,2.886557014098074,0.8205299489192877,1.108622628534584,30,True,False,10.506735728874881,7,0.23333333333333334,83.73,5.505866666666667,1.0,0.8,8.807,10.156,2.538,0.0003206027245603593
fish_110,low_impact,clutch_C,1.0,7.949877720967384,9.41820367912897,1.9112880285078788,2.6789621714284744,0.8051922296396266,1.0587069570250072,30,True,False,10.618468504675562,8,0.26666666666666666,84.38,4.4331000000000005,0.8,0.8,7.95,9.418,1.911,0.00020367912897079066
fish_110,low_impact,clutch_C,5.0,6.803917687770415,18.545364317993894,0.8623978278227165,10.816952538643513,0.7387515077074336,0.9411758919668592,30,True,False,8.431958139792048,5,0.16666666666666666,82.04,4.325833333333333,1.0,0.4,6.804,18.546,0.862,-0.0006356820061057533
fish_110,low_impact,clutch_C,24.0,6.908305284889938,10.210864768135547,2.0365693647167378,3.4543717607781073,0.7647257966199675,1.0308119735782515,30,True,False,8.60555020815027,8,0.26666666666666666,100.59,4.374166666666667,1.0,0.4,6.908,10.211,2.037,-0.00013523186445318913
fish_111,low_impact,clutch_C,-1.0,6.997489976727546,7.987917580499261,2.0833840640696177,1.8555909103866406,0.83602652195585,0.842294778546182,30,True,False,8.801389864159766,6,0.2,97.56,4.019266666666667,1.0,0.0,6.997,7.988,2.083,-8.241950073983872e-05
fish_111,low_impact,clutch_C,0.5,7.6973884119976095,11.28277075376935,2.7725827604810784,3.0657058520002756,0.852897941578735,0.8495040492321534,30,True,False,8.215952315443543,6,0.2,82.53,5.585866666666667,0.8,1.0,7.697,11.283,2.773,-0.00022924623064923821
fish_111,low_impact,clutch_C,1.0,7.253874877722566,8.348155903588019,3.009505258889191,2.407653399984012,0.7765190500186042,1.057830884699483,30,True,False,14.559503528890954,7,0.23333333333333334,95.34,5.092466666666667,1.0,0.4,7.254,8.348,3.01,0.00015590358801809145
fish_111,low_impact,clutch_C,5.0,5.137411330510071,9.334287480461859,2.2884694296828028,3.5275673007797153,0.6983454406567127,0.9146468925248369,30,True,False,11.3839437422507,11,0.36666666666666664,91.82,3.906333333333333,1.0,0.6,5.137,9.334,2.289,0.0002874804618588911
fish_111,low_impact,clutch_C,24.0,5.7564688342521455,6.645206861836648,3.094293408586333,1.8574684211981807,0.7463153259591455,0.9040049798378975,30,True,False,7.993197792912859,9,0.3,97.57,4.452700000000001,1.0,0.4,5.756,6.645,3.094,0.00020686183664864188
fish_112,low_impact,clutch_C,-1.0,6.287826995931022,5.49127220940083,2.136555943232635,1.0768058204825723,0.8383860852704887,0.7275283539128774,30,True,False,9.50998991320287,12,0.4,99.91,3.3901333333333334,1.0,0.4,6.288,5.491,2.137,0.0002722094008307252
fish_112,low_impact,clutch_C,0.5,8.85541764383708,8.469681460292428,1.4708655029444655,1.882143070252717,0.8561288856517443,0.9866608963640281,30,True,False,10.120685720395857,7,0.23333333333333334,86.19,4.0447,1.0,0.2,8.855,8.47,1.471,-0.00031853970757289574
fish_112,low_impact,clutch_C,1.0,7.181298550205253,5.411960691134737,2.451650684468062,1.2091613088275035,0.7984023370343638,0.9489662914563729,30,True,False,8.804527592010034,11,0.36666666666666664,90.14,3.864966666666666,1.0,0.4,7.181,5.412,2.452,-3.93088652632656e-05
fish_112,low_impact,clutch_C,5.0,6.269254693975782,5.345318457780701,1.8095242975619026,1.509278869632644,0.7110936782983757,1.0489330357976174,30,True,False,12.22142304909847,7,0.23333333333333334,91.54,3.029833333333334,1.0,0.0,6.269,5.345,1.81,0.00031845778070138664
fish_112,low_impact,clutch_C,24.0,7.4130896214314355,4.579993295411164,1.7538272045786827,0.9365487424702932,0.8127357931006038,0.910082827730821,30,True,False,13.414855438807718,7,0.23333333333333334,102.46,3.0118,0.8,0.4,7.413,4.58,1.754,-6.704588836115022e-06
fish_113,low_impact,clutch_C,-1.0,8.315239577740485,5.000877462017086,2.392141974141577,0.9078628708258943,0.8515887473096468,0.901631351368351,30,True,False,9.531507823704832,10,0.3333333333333333,101.28,3.9176666666666664,0.6,0.6,8.315,5.001,2.392,-0.00012253798291439466
fish_113,low_impact,clutch_C,0.5,10.559340103156801,10.343653343653594,1.4295660820697864,1.9209390058112754,0.9165140397470357,0.8562042300764905,30,True,False,8.686881922550564,7,0.23333333333333334,84.01,5.039033333333333,1.0,0.0,10.559,10.344,1.43,-0.00034665634640518306
fish_113,low_impact,clutch_C,1.0,8.34142224410834,8.642795031549442,2.1061558374353773,2.0154655315994785,0.8469353413429386,0.9634805358278752,30,True,False,10.478466833448092,6,0.2,88.57,4.571866666666667,1.0,0.6,8.341,8.643,2.106,-0.00020496845055895108
fish_113,low_impact,clutch_C,5.0,7.31148918682601,7.173833137837989,1.990900001332994,1.5424512560683121,0.8420443320920137,0.8575370845653866,30,True,False,9.490673804681158,7,0.23333333333333334,99.41,3.8353666666666664,1.0,0.4,7.311,7.174,1.991,-0.0001668621620112276
fish_113,low_impact,clutch_C,24.0,8.094733771495042,7.23491866798757,1.6827202604570095,1.914965048090253,0.7800561460662863,1.1645034962675982,30,True,False,9.680607315974926,6,0.2,95.13,3.739833333333333,1.0,0.2,8.095,7.235,1.683,-8.133201243065713e-05
fish_114,low_impact,clutch_C,-1.0,6.35868075331129,4.447343906555041,1.7488169633719024,1.0450388208919523,0.7645777221357868,0.8974697495180288,30,True,False,11.884792171108835,6,0.2,101.01,2.8001666666666667,0.8,0.2,6.359,4.447,1.749,0.00034390655504079604
fish_114,low_impact,clutch_C,0.5,6.539126626730736,5.701614996557506,1.8402053166442043,0.9835569471713034,0.8729148143664764,0.6609429156868627,30,True,False,9.894484221966453,6,0.2,87.3,3.1881333333333326,1.0,0.2,6.539,5.702,1.84,-0.00038500344249392526
fish_114,low_impact,clutch_C,1.0,6.46846654705848,4.161435314467585,1.977488612272025,0.9383182985223053,0.7749758059499176,0.8751365892398922,30,True,False,10.223456583401394,6,0.2,89.34,2.986133333333333,0.8,0.2,6.468,4.162,1.977,-0.0005646855324146216
fish_114,low_impact,clutch_C,5.0,6.569024912540067,1.4533607294485102,2.4149202134283794,0.5076248396987332,0.589583574941887,1.0976074070802997,30,True,False,27.842945884019606,16,0.5333333333333333,97.26,2.8550999999999997,0.8,1.0,6.569,1.453,2.415,0.0003607294485101775
fish_114,low_impact,clutch_C,24.0,6.498643331115806,1.8572921087350893,1.7702539214701118,0.4923132758182008,0.7032872513863768,0.886891866212459,30,True,False,13.361980965843577,7,0.23333333333333334,98.51,2.2905666666666664,0.8,0.0,6.499,1.857,1.77,0.0002921087350893359
fish_115,low_impact,clutch_C,-1.0,8.473099434193022,6.383155534678577,1.9775764166739833,1.1956733536304878,0.8636474651263207,0.9035486351889751,30,True,False,8.295962700236366,4,0.13333333333333333,101.25,3.9075999999999995,0.8,0.8,8.473,6.383,1.978,0.00015553467857731818
fish_115,low_impact,clutch_C,0.5,9.443893121344594,7.705038263875964,1.829369984103935,1.1377594342616857,0.9239046070937527,0.7361247313986475,30,True,False,9.24166637607345,5,0.16666666666666666,85.1,4.3629999999999995,0.8,0.4,9.444,7.705,1.829,3.826387596372882e-05
fish_115,low_impact,clutch_C,1.0,8.102227333350957,6.387055214333417,1.917728474182344,1.212775705119493,0.8604741922709433,0.8756578978116846,30,True,False,7.681532534195813,7,0.23333333333333334,97.65,3.764266666666667,1.0,0.8,8.102,6.387,1.918,5.521433341737492e-05
fish_115,low_impact,clutch_C,5.0,6.962273359278261,3.5695427544383618,1.7161594547722998,0.6876513917805996,0.8192462653868928,0.7950453396432979,30,True,False,8.344639913230692,7,0.23333333333333334,93.33,2.6658,1.0,0.0,6.962,3.57,1.716,-0.0004572455616380644
fish_115,low_impact,clutch_C,24.0,9.55426730773698,3.3903678824727823,2.0541752425306923,0.6039928308716374,0.8400126796865763,1.0022504854020748,30,True,False,15.2262249758688,16,0.5333333333333333,100.26,3.3008,1.0,0.8,9.554,3.39,2.054,0.00036788247278218833
fish_116,low_impact,clutch_C,-1.0,8.755600394120059,7.935948605358055,2.2488554103457425,1.6683083372082863,0.8607580544853108,0.9570544860837523,30,True,False,9.115140859829348,5,0.16666666666666666,96.66,4.657733333333334,1.0,0.4,8.756,7.936,2.249,-5.1394641944924047e-05
fish_116,low_impact,clutch_C,0.5,11.587728330433551,14.663966564768131,1.5413337394938744,3.818939354656626,0.9046568925283237,0.9458822934348866,30,True,False,10.241618399726539,4,0.13333333333333333,91.84,6.643266666666666,0.8,0.6,11.588,14.664,1.541,-3.343523186849495e-05
fish_116,low_impact,clutch_C,1.0,10.568587539707137,16.565966501915725,0.7018921103399842,5.908154691640494,0.8613470963076757,1.0272782328141095,30,True,False,7.661070172931254,4,0.13333333333333333,92.81,5.732499999999999,1.0,0.6,10.569,16.566,0.702,-3.349808427444145e-05
fish_116,low_impact,clutch_C,5.0,9.531084167311061,7.365957673129782,2.819289317714843,1.6927988759341286,0.8272292830727997,1.18110807500998,30,True,False,12.502763296851981,7,0.23333333333333334,99.42,5.2793,1.0,0.4,9.531,7.366,2.819,-4.232687021765713e-05
fish_116,low_impact,clutch_C,24.0,9.981053300804053,9.376478310993285,2.0040180389413638,1.962017198110146,0.8836486033757894,0.9808422110428261,30,True,False,12.466792507052533,11,0.36666666666666664,89.15,5.158766666666668,1.0,0.4,9.981,9.376,2.004,0.0004783109932855467
fish_117,low_impact,clutch_C,-1.0,8.564960203327377,5.4709197487397,2.1323977183245924,1.1313520558823673,0.8231298458378014,1.0457285754043446,30,True,False,11.748187470199067,8,0.26666666666666666,104.37,3.8343333333333334,1.0,0.2,8.565,5.471,2.132,-8.025126030020147e-05
fish_117,low_impact,clutch_C,1.0,8.75806606497714,10.644295411582158,1.6056666689660188,2.1531579826097356,0.9059063203935677,0.7558957056915747,30,True,False,8.320835969397033,5,0.16666666666666666,90.18,4.667000000000001,1.0,0.4,8.758,10.644,1.606,0.0002954115821580672
fish_117,low_impact,clutch_C,5.0,6.6366071986780115,11.168371804636504,1.1771097385890579,3.5070419000536774,0.8105197601558787,0.8539764471640121,30,True,False,10.073130263564098,6,0.2,97.92,3.584033333333333,1.0,0.2,6.637,11.168,1.177,0.00037180463650443585
fish_117,low_impact,clutch_C,24.0,8.064928248438296,5.317720897665419,2.477236096486766,1.00332406638217,0.8460458679347439,0.9023540567580676,30,True,False,7.692722782020317,5,0.16666666666666666,96.33,4.039866666666667,1.0,0.6,8.065,5.318,2.477,-0.00027910233458072753
fish_118,low_impact,clutch_C,-1.0,6.358151903461778,9.027710385641448,1.9955370752958173,2.799666735099648,0.7673059003021859,0.9500273759956888,30,True,False,8.900799219360609,5,0.16666666666666666,93.72,3.9439333333333333,0.8,0.4,6.358,9.028,1.996,-0.000289614358552015
fish_118,low_impact,clutch_C,0.5,10.572137431927953,18.60152325298959,2.6129239732897298e-15,7.598652341178913,0.8548554466759953,1.0202881267605253,30,True,False,12.012956617823146,4,0.13333333333333333,83.23,5.381866666666666,1.0,0.4,10.572,18.602,0.0,-0.00047674701040989476
fish_118,low_impact,clutch_C,1.0,7.14212189066706,11.89083811294505,2.4841511627409223,5.156763971171599,0.7109149996396451,1.200203608011907,30,True,False,12.018246525944468,4,0.13333333333333333,93.55,5.198933333333334,1.0,0.6,7.142,11.891,2.484,-0.00016188705495068234
fish_118,low_impact,clutch_C,5.0,5.806309795088647,8.341245081864715,2.7835016430632944,2.779358270025765,0.7222718026499425,0.9787327313350452,30,True,False,8.372973722190041,10,0.3333333333333333,109.77,4.449633333333334,1.0,0.6,5.806,8.341,2.784,0.00024508186471550175
fish_118,low_impact,clutch_C,24.0,7.467342365480762,8.493769270941053,2.0695171013520106,1.6538440402897159,0.8860582192406823,0.7277824331518433,30,True,False,9.363183719008552,12,0.4,98.12,4.245066666666667,1.0,1.0,7.467,8.494,2.07,-0.00023072905894672147
fish_119,low_impact,clutch_C,-1.0,8.241473928712258,5.955678185710235,1.9319858642318974,1.5369702908009701,0.7598432853050731,1.234134501875375,30,True,False,13.538345972786066,15,0.5,98.88,3.697766666666667,1.0,0.6,8.241,5.956,1.932,-0.0003218142897649656
fish_119,low_impact,clutch_C,0.5,9.464096302634559,10.814700773048969,2.5942826640300707,2.547582363421872,0.8789288414095157,0.938845535284524,30,True,False,10.369357309915056,6,0.2,87.9,5.943233333333334,0.8,0.4,9.464,10.815,2.594,-0.0002992269510304624
fish_119,low_impact,clutch_C,1.0,8.980651499179473,11.208034108027128,2.466178740324138,2.9320269485197112,0.8610166152374326,0.9597620151051119,30,True,False,9.014822297332856,4,0.13333333333333333,81.28,5.732,1.0,0.8,8.981,11.208,2.466,3.410802712799921e-05
fish_119,low_impact,clutch_C,5.0,5.900192684245486,10.673397336832641,2.527421938353686,3.710991133455603,0.7658817636400738,0.8733267825383574,30,True,False,13.28729400108356,7,0.23333333333333334,105.01,4.594166666666667,1.0,0.6,5.9,10.673,2.527,0.00039733683264131514
fish_119,low_impact,clutch_C,24.0,9.279950375678164,14.486322629448914,0.6835283864994307,3.3563249604252907,0.9215730548449597,0.6829534125995425,30,True,False,9.46411925425585,4,0.13333333333333333,85.37,4.7364,1.0,0.2,9.28,14.486,0.684,0.0003226294489131476
fish_120,low_impact,clutch_C,-1.0,5.831171299612913,8.12094243474837,2.0645206393447073,2.899702297621827,0.6872593023091119,1.0692916703633848,30,True,False,10.880798618511681,9,0.3,99.82,3.700466666666666,1.0,0.4,5.831,8.121,2.065,-5.7565251630364855e-05
fish_120,low_impact,clutch_C,0.5,7.492987157770329,6.191045488453194,3.0694743888080196,1.421338309093133,0.804522677965409,0.9881420651844549,30,True,False,14.170236784407424,7,0.23333333333333334,88.96,4.730866666666667,1.0,0.2,7.493,6.191,3.069,4.548845319440886e-05
fish_120,low_impact,clutch_C,1.0,9.207279339011023,6.316642758707372,1.852975062360774,1.0355968943215512,0.8912913914109993,0.8620808958497482,30,True,False,8.381265184386617,12,0.4,91.38,3.930966666666667,1.0,0.8,9.207,6.317,1.853,-0.000357241292627819
fish_120,low_impact,clutch_C,5.0,6.765023184462629,8.34164914810824,1.3654846923859925,2.7355753662353615,0.7286269221288606,1.122287651359744,30,True,False,8.627948679166915,8,0.26666666666666666,80.9,3.3068,1.0,0.2,6.765,8.342,1.366,-0.0003508518917598735
fish_120,low_impact,clutch_C,24.0,6.527881157113172,4.959941504490651,2.3569658434749545,1.0505545354687245,0.8076028440230192,0.8264405760678697,30,True,False,11.3127293255783,6,0.2,101.47,3.5458666666666665,1.0,0.4,6.528,4.96,2.357,-5.849550934922121e-05
fish_121,high_impact,clutch_C,-1.0,5.903549989481432,6.307894629281971,2.1732540783121697,1.848649583641496,0.719335558638325,0.9884958979994853,30,True,False,14.362862096520054,12,0.4,106.33,3.504,1.0,0.6,5.904,6.308,2.173,-0.00010537071802918518
fish_121,high_impact,clutch_C,0.5,5.182000122208572,2.9463946077007184,1.4811727160406103,0.9022102764055627,0.6360592312484141,0.9128257853272536,30,True,False,16.026639951965873,12,0.4,59.73,2.0813333333333333,0.8,0.2,5.182,2.946,1.481,0.00039460770071819695
fish_121,high_impact,clutch_C,1.0,3.966805668784243,12.456618668207955,0.37997436162894815,6.097086702046027,0.674419355706374,0.7201409817168545,30,True,False,9.158216150067298,6,0.2,64.03,1.9398666666666666,0.6,0.4,3.967,12.456,0.38,0.0006186682079558636
fish_121,high_impact,clutch_C,5.0,2.9991215398863513,4.005060026352248,1.5309339397836075,1.5971717795896876,0.5210716555491401,0.716316385770303,30,True,False,18.98138784629254,15,0.5,77.33,1.9831333333333332,0.8,0.2,2.999,4.005,1.531,6.0026352247888326e-05
fish_122,high_impact,clutch_C,-1.0,7.411003489631394,9.193171795307439,1.1070962115967804,2.456777866380295,0.8195513173589298,0.9427690198362398,30,True,False,8.245574832479026,6,0.2,103.18,3.4121666666666663,1.0,0.0,7.411,9.193,1.107,0.00017179530743938187
fish_122,high_impact,clutch_C,0.5,5.1400786639529805,3.498042375002962,1.2732453446785978,1.1743878357248345,0.5978308009300427,1.020386724804735,30,True,False,21.94590847907338,11,0.36666666666666664,57.33,1.9622000000000002,0.8,0.4,5.14,3.498,1.273,4.237500296166985e-05
fish_122,high_impact,clutch_C,1.0,5.830286980349115,4.383812853311064,1.177790726164313,1.121054130613803,0.7316882039796121,0.8955561196979072,30,True,False,14.132637320315776,11,0.36666666666666664,61.27,2.1296,1.0,0.4,5.83,4.384,1.178,-0.00018714668893604625
fish_122,high_impact,clutch_C,5.0,4.491276683098473,4.19549493574107,0.9379240704141293,1.3237018458734409,0.6381702178236852,0.8504822177925577,30,True,False,11.490727220638188,8,0.26666666666666666,73.23,1.6433,0.6,0.0,4.491,4.196,0.938,-0.0005050642589301546
fish_122,high_impact,clutch_C,24.0,3.801649118839936,4.2487601246714295,1.8396646333161648,1.6696312107301634,0.5331077779785441,0.8969555753061428,30,True,False,24.958092187802134,13,0.43333333333333335,73.04,2.4433999999999996,0.6,1.0,3.802,4.249,1.84,-0.00023987532857017158
fish_123,high_impact,clutch_C,-1.0,6.692925833883993,7.221069829940253,1.7856478592505112,2.45936406835071,0.6813321674580363,1.2399585288737442,30,True,False,11.60905932806164,7,0.23333333333333334,99.66,3.4837,0.6,0.2,6.693,7.221,1.786,6.982994025328537e-05
fish_123,high_impact,clutch_C,0.5,5.423441378409246,1.5542626844237375,1.511334341334957,0.6201840645503675,0.51963467077765,1.0573385349011204,30,True,False,14.588543510362717,9,0.3,58.57,1.8923333333333332,0.4,0.0,5.423,1.554,1.511,0.00026268442373744705
fish_123,high_impact,clutch_C,1.0,4.880159637726429,4.9002249352067455,0.9565033385729395,1.7552048091674313,0.5933142073113122,1.045848442597039,30,True,False,11.292237170549246,17,0.5666666666666667,61.96,1.8357999999999999,0.6,0.6,4.88,4.9,0.956,0.0002249352067451582
fish_123,high_impact,clutch_C,5.0,4.741520253838447,3.1700616416094216,1.5072750656424756,1.2175195741472549,0.5280721581658983,1.0613273466045656,30,True,False,24.92557047437641,9,0.3,70.47,2.0914333333333333,0.8,0.4,4.742,3.17,1.507,6.164160942168095e-05
fish_123,high_impact,clutch_C,24.0,3.567929986079531,6.417308118546753,1.5547946189627142,2.5477007921092403,0.5861274861947405,0.8050506625660957,30,True,False,11.989268690486826,10,0.3333333333333333,82.47,2.371333333333333,1.0,0.2,3.568,6.417,1.555,0.00030811854675327766
fish_124,high_impact,clutch_C,-1.0,5.631074794728258,4.349750822023687,2.369953971481762,1.3936785200002622,0.633981667503603,1.0836693760830534,30,True,False,8.155300742689858,15,0.5,105.4,3.2829333333333333,0.8,0.8,5.631,4.35,2.37,-0.00024917797631296423
fish_124,high_impact,clutch_C,0.5,4.57960468213598,4.511154452115377,0.7826388537183921,1.2105317849068467,0.7146556625918965,0.7380241632888541,30,True,False,16.523259236797905,11,0.36666666666666664,64.84,1.5494333333333332,0.8,0.4,4.58,4.511,0.783,0.00015445211537645775
fish_124,high_impact,clutch_C,1.0,3.3142338642411335,3.2213711728336176,1.6037009376960503,1.6945237825956536,0.37410626139624314,1.0187052261576688,30,True,False,24.45058205487932,12,0.4,53.85,2.0176333333333334,0.8,0.2,3.314,3.22,1.604,0.001371172833617429
fish_124,high_impact,clutch_C,5.0,4.94061939833474,2.861218416401833,1.1782787746427639,0.7599237646445333,0.6986440770056905,0.7505985677667524,30,True,False,14.088912445471511,6,0.2,65.86,1.7366,0.6,0.4,4.941,2.861,1.178,0.00021841640183284383
fish_124,high_impact,clutch_C,24.0,4.239522626526889,3.3172442442841468,1.391109664922883,0.944867310921458,0.6717998890329686,0.7088194236963021,30,True,False,18.477530913904886,13,0.43333333333333335,72.07,1.934033333333333,0.8,0.2,4.24,3.317,1.391,0.0002442442841465997
fish_125,high_impact,clutch_C,-1.0,8.355135930653706,5.634208024278247,2.009518535155368,1.0374067745921343,0.8567665225079079,0.9035114008349068,30,True,False,11.771919266279449,8,0.26666666666666666,104.52,3.7137000000000002,1.0,0.4,8.355,5.634,2.01,0.0002080242782467323
fish_125,high_impact,clutch_C,0.5,6.3034445955081235,4.780759253852782,1.2986366960886233,1.1557445585321706,0.7599022828090329,0.913233314094361,30,True,False,10.21005596616279,11,0.36666666666666664,60.4,2.4097666666666666,0.8,0.2,6.303,4.781,1.299,-0.00024074614721758536
fish_125,high_impact,clutch_C,1.0,5.177480697018661,3.729843252563386,1.3490867504302078,1.1462203507147504,0.6426197533650626,0.9476226475679103,30,True,False,15.386998896986588,5,0.16666666666666666,60.67,2.0827,0.8,0.0,5.177,3.73,1.349,-0.00015674743661397983
fish_125,high_impact,clutch_C,5.0,5.222969801882435,6.556651591883579,0.7802104062702547,1.973765021570722,0.714901744337882,0.8874001453456609,30,True,False,11.782224067257005,4,0.13333333333333333,72.51,1.9983,0.8,0.2,5.223,6.555,0.78,0.0016515918835793286
fish_125,high_impact,clutch_C,24.0,5.557348512898096,7.567972784518686,1.035356613426737,2.2888823363806012,0.7396469193884152,0.8950159331918994,30,True,False,10.388475962920586,8,0.26666666666666666,86.75,2.5035333333333343,1.0,0.4,5.557,7.568,1.035,-2.72154813139025e-05
fish_126,high_impact,clutch_C,-1.0,8.53764304667558,6.110735814666143,2.0171245041156833,1.0193954363780413,0.8852869437139617,0.8210436249705524,30,True,False,9.534387939878854,6,0.2,111.18,3.888433333333333,1.0,0.8,8.538,6.111,2.017,-0.000264185333857192
fish_126,high_impact,clutch_C,0.5,7.778083051125845,3.2549826170331286,1.1907178406781938,0.5946277354862197,0.8322906096775309,0.8316482675743835,30,True,False,14.558336633673756,15,0.5,50.84,2.1708000000000003,0.8,0.4,7.778,3.255,1.191,-1.7382966871259953e-05
fish_126,high_impact,clutch_C,1.0,6.705970612080638,4.178646205191475,1.0379181022476582,0.9739029751597817,0.7634690639538596,0.9379348471251476,30,True,False,16.482410557868253,14,0.4666666666666667,54.18,2.0874,0.8,0.4,6.706,4.179,1.038,-0.0003537948085252651
fish_126,high_impact,clutch_C,5.0,5.54643855595072,3.2680134336608204,1.3480967250702223,0.9091935261813301,0.6816244509298899,0.9037052581924362,30,True,False,11.00935668038882,15,0.5,69.37,2.049366666666667,0.8,0.6,5.546,3.268,1.348,1.343366082062758e-05
fish_126,high_impact,clutch_C,24.0,7.358698667429645,6.861001237616243,0.5127645757937218,1.4510831580744867,0.8409056858226789,0.864300536558017,30,True,False,9.785598790986093,8,0.26666666666666666,71.15,2.2984999999999998,0.8,0.0,7.359,6.861,0.513,1.2376162432659044e-06
fish_127,high_impact,clutch_C,-1.0,7.083380124165423,3.2449941229308386,2.1464581629877397,0.7908951552671101,0.7359307464287441,1.0099668333993368,30,True,False,14.610123809638775,9,0.3,96.87,3.0366666666666666,1.0,0.4,7.083,3.245,2.146,-5.877069161552839e-06
fish_127,high_impact,clutch_C,0.5,4.735197054874419,2.7068642478645506,1.088255151320737,0.8042732349080369,0.6488255633012716,0.7956846332851587,30,True,False,16.449651853862974,10,0.3333333333333333,61.91,1.599266666666667,0.8,0.4,4.735,2.707,1.088,-0.0001357521354492519
fish_127,high_impact,clutch_C,1.0,2.6747148369817118,2.0312418938727985,1.5324120266132988,1.085822851811531,0.36568907332666467,0.7543935848265628,30,True,False,25.343467361389077,10,0.3333333333333333,51.95,1.7617333333333332,0.2,0.0,2.675,2.031,1.532,0.00024189387279838215
fish_127,high_impact,clutch_C,5.0,3.2354206791785187,4.522489900967138,0.7987672985436154,1.8931769948956525,0.5074375087236234,0.8133554727618588,30,True,False,12.542067726122559,13,0.43333333333333335,60.84,1.3417,0.8,0.4,3.235,4.523,0.799,-0.0005100990328612554
fish_127,high_impact,clutch_C,24.0,4.084030539714609,3.3192663169850984,1.2135162025254922,1.1727462092231467,0.5709011819792575,0.8470627046737605,30,True,False,10.806119986987408,17,0.5666666666666667,82.31,1.7367999999999997,0.4,0.0,4.084,3.319,1.214,0.00026631698509849144
fish_128,high_impact,clutch_C,-1.0,5.976846288419203,10.17260469604701,1.2666260162102387,4.351856445362275,0.6691271034817626,1.1310484509729395,30,True,False,12.281471679806298,5,0.16666666666666666,92.27,3.283066666666666,0.8,0.2,5.977,10.173,1.267,-0.00039530395299003374
fish_128,high_impact,clutch_C,0.5,2.4373941724529766,3.9459957726649417,1.7292457127847494,2.4073855429764652,0.3164246376068146,0.8897626198259465,30,True,False,32.22701726573828,7,0.23333333333333334,60.29,2.092,0.6,0.6,2.437,3.946,1.729,-4.2273350584487446e-06
fish_128,high_impact,clutch_C,1.0,4.371414912180634,3.6956439317764183,0.8337049115395635,1.0337472824986567,0.6841192356049959,0.7275925318609094,30,True,False,13.974663678059155,4,0.13333333333333333,58.64,1.4481666666666666,0.8,0.0,4.371,3.696,0.834,-0.0003560682235819179
fish_128,high_impact,clutch_C,5.0,2.1560178055600536,3.025463327950856,1.5756046326749298,2.4450133478160256,0.20094482949860415,1.007271184195222,30,True,False,22.975419282616695,16,0.5333333333333333,69.58,1.8309333333333333,0.6,0.4,2.156,3.025,1.576,0.00046332795085612943
fish_128,high_impact,clutch_C,24.0,2.9840119779060035,10.870407227871663,0.7681352337828345,7.8526309981959725,0.4374465754621628,0.9038725784451627,30,True,False,16.63030857397639,10,0.3333333333333333,78.34,1.8282333333333334,0.6,0.2,2.984,10.87,0.768,0.0004072278716638067
fish_129,high_impact,clutch_C,-1.0,8.319612152754924,6.045280015349906,1.9169629777667776,1.2275661912315117,0.837835546565014,0.9766412438050974,30,True,False,9.180633101919307,9,0.3,102.87,3.7232,0.8,0.4,8.32,6.045,1.917,0.00028001534990629295
fish_129,high_impact,clutch_C,0.5,5.054537078171832,5.540264059607947,1.2599155985088408,1.7477790297560156,0.668397209380467,0.9394037346880041,30,True,False,17.05555872441758,10,0.3333333333333333,55.54,2.2756,1.0,0.0,5.055,5.54,1.26,0.00026405960794662064
fish_129,high_impact,clutch_C,1.0,4.53155370714834,9.28536193345399,0.7291860896710765,3.958582465340431,0.6437607179014679,0.9134213553264784,30,True,False,16.345075095448696,6,0.2,62.26,2.1501666666666663,0.8,0.2,4.532,9.285,0.729,0.0003619334539894936
fish_129,high_impact,clutch_C,5.0,4.833066332452589,6.314303571866875,1.2333142768531438,1.8298365470121214,0.7240151979264304,0.7999628887228896,30,True,False,12.5996367392785,6,0.2,73.03,2.3237333333333337,1.0,0.0,4.833,6.314,1.233,0.00030357186687535176
fish_129,high_impact,clutch_C,24.0,7.075621655454442,4.844410072261523,1.6295633887401901,1.1269714532416364,0.774742908813039,0.9856366106779298,30,True,False,8.025231992612728,13,0.43333333333333335,72.35,2.8915333333333333,0.8,0.4,7.076,4.844,1.63,0.00041007226152256493
fish_130,high_impact,clutch_C,-1.0,7.660089743317552,4.70902365082444,2.236448493142892,1.0406192085545822,0.7899837077866945,1.0152524678683366,30,True,False,12.271681878590792,3,0.1,88.0,3.5687333333333338,1.0,0.2,7.66,4.709,2.236,2.3650824440224483e-05
fish_130,high_impact,clutch_C,0.5,4.2668909290615105,4.980161576229886,1.389105435427074,1.3024963238303793,0.7339565490825464,0.6667881329144897,30,True,False,9.920116536142503,17,0.5666666666666667,63.77,2.1690333333333336,0.8,0.4,4.267,4.981,1.389,-0.0008384237701140052
fish_130,high_impact,clutch_C,1.0,3.6798867465351113,7.7476811247080235,1.11041465360608,2.538272136097199,0.7127150005286227,0.634644176606847,30,True,False,14.423707311007112,9,0.3,51.79,2.1023333333333336,1.0,0.2,3.68,7.748,1.11,-0.0003188752919767168
fish_130,high_impact,clutch_C,5.0,3.5465426851228927,5.802069110747341,1.0307266809728624,2.209832794558985,0.5877880848985892,0.7885410798748995,30,True,False,13.917327247442124,8,0.26666666666666666,67.18,1.7731999999999999,0.6,0.2,3.547,5.802,1.031,6.911074734183842e-05
fish_130,high_impact,clutch_C,24.0,4.831659313011714,7.450533784709601,1.419827016346323,3.4924362587072078,0.5379052822824091,1.2149189485008478,30,True,False,14.539986989664438,11,0.36666666666666664,76.81,2.6792333333333334,0.8,0.4,4.832,7.45,1.42,0.0005337847096011927
fish_131,high_impact,clutch_C,-1.0,8.420509995309194,4.557754131776474,2.0939495172276157,0.818255381688824,0.8489212391083747,0.9077043842250186,30,True,False,12.939982836605237,12,0.4,103.03,3.5167333333333333,1.0,0.4,8.421,4.558,2.094,-0.00024586822352556936
fish_131,high_impact,clutch_C,0.5,6.869701360796108,2.83882036080068,1.5972217665446617,0.7164781372725327,0.7195850726616648,0.9902195610771145,30,True,False,11.439497416322896,13,0.43333333333333335,54.53,2.368466666666667,1.0,0.4,6.87,2.839,1.597,-0.00017963919931984762
fish_131,high_impact,clutch_C,1.0,4.784594639840757,2.8754383079992927,1.449766381843896,0.8959082514059875,0.6275771839291215,0.8535643208742094,30,True,False,10.91710541796665,19,0.6333333333333333,73.91,1.9927000000000001,0.8,0.2,4.785,2.875,1.45,0.0004383079992926753
fish_131,high_impact,clutch_C,5.0,3.8912317612282976,5.888324587633885,1.4577394630755798,1.9640008658580046,0.6526178137534144,0.7551512197446449,30,True,False,11.11273400636076,14,0.4666666666666667,66.32,2.2831000000000006,0.2,0.4,3.891,5.888,1.458,0.00032458763388554246
fish_131,high_impact,clutch_C,24.0,4.931590773212092,4.774591915310566,1.4632531218617906,1.2678447422596566,0.7238845757390105,0.7848517225577076,30,True,False,12.696712948897568,9,0.3,71.65,2.3315666666666672,0.8,0.4,4.932,4.775,1.463,-0.0004080846894343182
fish_132,high_impact,clutch_C,-1.0,5.935790832677477,4.470441392979109,2.3761668517174184,1.2665225290813906,0.6912357853892351,1.0100544526837425,30,True,False,15.860725946846639,4,0.13333333333333333,97.46,3.3621,0.8,0.2,5.936,4.47,2.376,0.0004413929791091675
fish_132,high_impact,clutch_C,0.5,3.952384357644854,4.758077741013567,1.0208993278697351,1.492563792994097,0.6522452342189133,0.7432148404650688,30,True,False,14.735433390120031,8,0.26666666666666666,60.17,1.7146666666666666,0.8,0.2,3.952,4.758,1.021,7.774101356705643e-05
fish_132,high_impact,clutch_C,1.0,1.690057361528354,3.4713949898528638,1.5023263802228908,4.098615375753586,0.1071620748554235,1.178734315644231,30,True,False,-37.356217397858686,16,0.5333333333333333,66.19,1.727366666666667,0.8,0.2,1.69,3.471,1.502,0.0003949898528636808
fish_132,high_impact,clutch_C,5.0,2.6982596139531387,2.85544344552507,1.4196602244107503,1.3874788572247794,0.4091776905705622,0.7496699193973931,30,True,False,71.72752803253859,15,0.5,71.17,1.7240666666666666,0.6,0.2,2.698,2.856,1.42,-0.0005565544749299711
fish_132,high_impact,clutch_C,24.0,3.7141388516240865,2.791842945593606,1.6797425809350837,1.379448911073608,0.40082288779569186,1.0445666068321382,30,True,False,55.81367186488223,18,0.6,84.57,2.0909666666666666,0.8,0.4,3.714,2.792,1.68,-0.0001570544063937973
fish_133,high_impact,clutch_C,-1.0,5.7846222525810935,5.3788412066416065,2.2340840190279927,1.2892917949952558,0.7741715183021741,0.8208578118273767,30,True,False,9.040400491257056,10,0.3333333333333333,101.08,3.366333333333334,1.0,0.4,5.785,5.379,2.234,-0.0001587933583930834
fish_133,high_impact,clutch_C,0.5,5.247962839050033,1.2299771976156157,1.1968813608139155,0.5124792981203268,0.5165221613427624,0.9885505622836759,30,True,False,14.924893569532975,12,0.4,50.76,1.5112333333333337,0.8,0.0,5.248,1.23,1.197,-2.2802384384235097e-05
fish_133,high_impact,clutch_C,1.0,5.018564684769738,0.9263962480247262,1.5979209144198558,0.41855853848075014,0.5147587140463672,0.9133267122239819,30,True,False,14.933927244640714,11,0.36666666666666664,55.26,1.8513,0.6,0.2,5.019,0.926,1.598,0.0003962480247261535
fish_133,high_impact,clutch_C,5.0,4.067529053017209,1.4772650020801152,1.237789968527582,0.6987457949183855,0.43814405121295186,0.9251861022820096,30,True,False,12.787660210536227,11,0.36666666666666664,74.98,1.5134666666666667,0.6,0.4,4.068,1.477,1.238,0.0002650020801151509
fish_133,high_impact,clutch_C,24.0,3.88942746389032,1.904067031303923,1.4771703293639549,0.8806929787470688,0.43687883196806687,0.9326576102832522,30,True,False,27.817658646035454,10,0.3333333333333333,80.59,1.7945000000000002,0.4,0.2,3.889,1.904,1.477,6.703130392304857e-05
fish_134,high_impact,clutch_C,-1.0,8.159581570247363,5.7051591427228745,1.7526487358969225,1.1976768427483953,0.8226949364836904,1.003523339688298,30,True,False,9.67229922881321,15,0.5,98.84,3.4355333333333333,1.0,0.4,8.16,5.705,1.753,0.000159142722874428
fish_134,high_impact,clutch_C,0.5,4.90364661436066,3.568944173898072,0.9940157574754125,1.0398189121183063,0.6645953816874614,0.8468638769597202,30,True,False,16.362073616273925,20,0.6666666666666666,51.8,1.6627666666666665,0.8,0.2,4.904,3.569,0.994,-5.5826101927891614e-05
fish_134,high_impact,clutch_C,1.0,6.425116050666927,2.143389702283207,1.176300892409948,0.562917012038707,0.7038956573338191,0.902974345345755,30,True,False,14.960571895337559,9,0.3,56.99,1.7507333333333337,1.0,0.4,6.425,2.143,1.176,0.00038970228320733824
fish_134,high_impact,clutch_C,5.0,2.5263390101403047,5.58053619324357,1.1013017454521343,3.0849303605175034,0.39740363872493,0.8216886580960856,30,True,False,21.072874692362866,11,0.36666666666666664,75.16,1.6122333333333334,0.4,0.0,2.526,5.58,1.101,0.0005361932435699046
fish_134,high_impact,clutch_C,24.0,5.880416254528195,2.552631691608383,1.658297154215538,0.7597696937238934,0.6477840910820444,0.9771984537197359,30,True,False,8.941161876202784,9,0.3,83.51,2.2630333333333335,1.0,0.2,5.88,2.553,1.658,-0.000368308391617056
fish_135,high_impact,clutch_C,-1.0,7.934334726445409,4.3204442223489075,2.2632374297964026,0.8421506337904276,0.8235846869532889,0.9288529883342844,30,True,False,11.436667815309852,12,0.4,101.5,3.542,1.0,0.6,7.934,4.32,2.263,0.00044422234890717505
fish_135,high_impact,clutch_C,0.5,4.705221878128805,7.037473272705823,0.775400323838031,1.5951604161198008,0.8248807786072858,0.5864157207715103,30,True,False,12.171996709972825,5,0.16666666666666666,60.79,1.9427666666666665,0.8,0.2,4.705,7.037,0.775,0.00047327270582275816
fish_135,high_impact,clutch_C,1.0,4.1665321956981085,5.091520357813089,1.1026037637839166,1.447112676829018,0.7026694471601189,0.706050340867863,30,True,False,13.018169900580356,14,0.4666666666666667,54.24,1.8793,0.6,0.2,4.167,5.091,1.103,0.0005203578130892339
fish_135,high_impact,clutch_C,5.0,4.2193566136058465,14.442439215492675,4.741357912123327e-20,11.641850619733377,0.49362884833772747,1.0839294765422682,30,True,False,12.90671834042556,9,0.3,77.56,1.8361666666666667,0.6,0.0,4.219,14.442,0.0,0.0004392154926744496
fish_135,high_impact,clutch_C,24.0,4.398231646581778,10.509796126990677,1.0694672604513147,5.178269482212602,0.6145385260052088,0.9342141678871959,30,True,False,11.231830999278266,8,0.26666666666666666,79.34,2.591733333333333,1.0,0.2,4.398,10.51,1.069,-0.0002038730093225638
